CREATE DATABASE  IF NOT EXISTS `bgdhgalq8sqhcnlktbhx` /*!40100 DEFAULT CHARACTER SET utf8mb4 COLLATE utf8mb4_0900_ai_ci */ /*!80016 DEFAULT ENCRYPTION='N' */;
USE `bgdhgalq8sqhcnlktbhx`;
-- MySQL dump 10.13  Distrib 8.0.22, for macos10.15 (x86_64)
--
-- Host: bgdhgalq8sqhcnlktbhx-mysql.services.clever-cloud.com    Database: bgdhgalq8sqhcnlktbhx
-- ------------------------------------------------------
-- Server version	8.0.22-13

/*!40101 SET @OLD_CHARACTER_SET_CLIENT=@@CHARACTER_SET_CLIENT */;
/*!40101 SET @OLD_CHARACTER_SET_RESULTS=@@CHARACTER_SET_RESULTS */;
/*!40101 SET @OLD_COLLATION_CONNECTION=@@COLLATION_CONNECTION */;
/*!50503 SET NAMES utf8 */;
/*!40103 SET @OLD_TIME_ZONE=@@TIME_ZONE */;
/*!40103 SET TIME_ZONE='+00:00' */;
/*!40014 SET @OLD_UNIQUE_CHECKS=@@UNIQUE_CHECKS, UNIQUE_CHECKS=0 */;
/*!40014 SET @OLD_FOREIGN_KEY_CHECKS=@@FOREIGN_KEY_CHECKS, FOREIGN_KEY_CHECKS=0 */;
/*!40101 SET @OLD_SQL_MODE=@@SQL_MODE, SQL_MODE='NO_AUTO_VALUE_ON_ZERO' */;
/*!40111 SET @OLD_SQL_NOTES=@@SQL_NOTES, SQL_NOTES=0 */;
SET @MYSQLDUMP_TEMP_LOG_BIN = @@SESSION.SQL_LOG_BIN;
SET @@SESSION.SQL_LOG_BIN= 0;

--
-- GTID state at the beginning of the backup 
--

SET @@GLOBAL.GTID_PURGED=/*!80000 '+'*/ 'a05a675a-1414-11e9-9c82-cecd01b08c7e:1-491550428,
a38a16d0-767a-11eb-abe2-cecd029e558e:1-2363516';

--
-- Dumping data for table `booking`
--

LOCK TABLES `booking` WRITE;
/*!40000 ALTER TABLE `booking` DISABLE KEYS */;
INSERT INTO `booking` VALUES ('1101753b-11af-4e83-96fe-e0d8d2810c13','2021-03-14 22:34:43.599638','2021-03-28','2021-10-28',1,'1e6ecc81-5c13-4f63-8e8e-d2dbdfc58dff','af84c067-3962-4300-8547-dedd9fe47f62'),('2b7881a5-9e13-419a-993b-88e0307b7a6d','2021-03-16 10:37:07.112866','2021-03-18','2021-06-18',0,'1e6ecc81-5c13-4f63-8e8e-d2dbdfc58dff','c63cd15d-f40c-47ab-a861-ff1551f92392'),('8b48e188-c9a4-4060-aa34-19cd38a297e3','2021-03-17 14:46:31.793408','2021-04-01','2021-06-01',1,'69e30970-993a-4cfb-a3a1-e97277caf65b','e73eda45-fb8a-48ca-a23f-60320e27ebcf'),('a6b4bca0-35c1-4e8e-92fb-ab26f5eeb25b','2021-03-16 15:54:50.201132','2021-03-20','2021-10-20',1,'bcec8294-2656-4670-a90f-bb3c8e27f8cd','6221f9a7-5682-4cbd-a644-9f05bed5cf94'),('bf737069-ce83-4f40-9224-fe92d835e4b1','2021-03-15 15:14:09.393595','2021-03-18','2021-09-18',1,'1e6ecc81-5c13-4f63-8e8e-d2dbdfc58dff','88afb0d1-9899-41bc-931d-192247fe7599'),('e534b229-4bf2-4807-b3e6-efb34853010d','2021-03-14 18:43:32.857414','2021-03-21','2021-05-21',1,'95c0601e-079a-4df0-9f79-cc23a7fa6c61','12538ed1-ebbb-4ce8-ab39-b4dc3cc6a76a'),('fb05c7fb-890f-4e91-9438-d44e980a2fcc','2021-03-17 18:29:02.165456','2021-03-26','2021-07-26',1,'bcec8294-2656-4670-a90f-bb3c8e27f8cd','083ab7b4-386a-4a19-b422-1becf9c54c10');
/*!40000 ALTER TABLE `booking` ENABLE KEYS */;
UNLOCK TABLES;

--
-- Dumping data for table `messages`
--

LOCK TABLES `messages` WRITE;
/*!40000 ALTER TABLE `messages` DISABLE KEYS */;
INSERT INTO `messages` VALUES ('006b828d-e129-4533-854b-095c36501ded','2021-03-16 22:45:17.974095','quieres venir de visita?','bc5489cf-de0c-4062-9221-85fe97e28fee','95c0601e-079a-4df0-9f79-cc23a7fa6c61'),('018181e2-e6b2-4cc5-a549-8a61e1d6f8e2','2021-03-17 13:05:23.184886','Contestaaaaa!!','bcec8294-2656-4670-a90f-bb3c8e27f8cd','bc5489cf-de0c-4062-9221-85fe97e28fee'),('048216c7-2cff-4906-a405-7fe24e399838','2021-03-17 18:32:51.388630','SI','bcec8294-2656-4670-a90f-bb3c8e27f8cd','bc5489cf-de0c-4062-9221-85fe97e28fee'),('0f1b79ca-acf8-4c11-86b1-226cc383d3ae','2021-03-16 22:14:41.300910','fdgdffdg','95c0601e-079a-4df0-9f79-cc23a7fa6c61','bc5489cf-de0c-4062-9221-85fe97e28fee'),('0f5aaf5a-0e8b-40bb-9dda-7c5b08223fe1','2021-03-16 22:45:01.719589','hola','95c0601e-079a-4df0-9f79-cc23a7fa6c61','bc5489cf-de0c-4062-9221-85fe97e28fee'),('11e76905-3a6b-4a78-af23-511d187377cd','2021-03-17 14:42:59.577581','Hola','bc5489cf-de0c-4062-9221-85fe97e28fee','69e30970-993a-4cfb-a3a1-e97277caf65b'),('120bd772-65e6-4b4e-9d61-94d669fe0b01','2021-03-17 13:02:06.644540','Holaa','bcec8294-2656-4670-a90f-bb3c8e27f8cd','bc5489cf-de0c-4062-9221-85fe97e28fee'),('14923a5e-e9b2-403c-a2ea-5a3fbd8d0b6d','2021-03-17 11:36:34.294575','jejeje','bc5489cf-de0c-4062-9221-85fe97e28fee','95c0601e-079a-4df0-9f79-cc23a7fa6c61'),('15408b20-fae4-48ed-b46b-359c228c99ba','2021-03-17 13:03:57.301575','Hola','bcec8294-2656-4670-a90f-bb3c8e27f8cd','bc5489cf-de0c-4062-9221-85fe97e28fee'),('15d7172b-e9ac-4900-bbe7-397277d125b4','2021-03-16 21:34:09.651508','asdasdads','bc5489cf-de0c-4062-9221-85fe97e28fee','95c0601e-079a-4df0-9f79-cc23a7fa6c61'),('1b88ce54-309c-493c-a453-17c4f6de2e78','2021-03-17 18:32:46.427661','quieres alquilar\'?','bc5489cf-de0c-4062-9221-85fe97e28fee','bcec8294-2656-4670-a90f-bb3c8e27f8cd'),('1edbb6ee-6764-45ba-95d7-eca0750fde81','2021-03-16 21:34:08.421855','asdasdads','bc5489cf-de0c-4062-9221-85fe97e28fee','95c0601e-079a-4df0-9f79-cc23a7fa6c61'),('251ed111-1af8-4dc0-8e84-c91124fbc8b9','2021-03-16 21:34:09.695493','asdasdads','bc5489cf-de0c-4062-9221-85fe97e28fee','95c0601e-079a-4df0-9f79-cc23a7fa6c61'),('2ba94f57-4660-45e3-b1ce-54076f2c5b80','2021-03-17 13:04:37.464994','Broooo','bcec8294-2656-4670-a90f-bb3c8e27f8cd','bc5489cf-de0c-4062-9221-85fe97e28fee'),('2c2c49b4-4474-4d93-a6ef-469b97c08b5d','2021-03-16 22:42:42.739241','ahora si neno','bc5489cf-de0c-4062-9221-85fe97e28fee','95c0601e-079a-4df0-9f79-cc23a7fa6c61'),('32ef60b1-5e6a-43c6-9704-66eb28565301','2021-03-16 22:17:20.324920','ei','bc5489cf-de0c-4062-9221-85fe97e28fee','95c0601e-079a-4df0-9f79-cc23a7fa6c61'),('37070443-b8c9-4868-aa6e-82f2078459ba','2021-03-17 14:42:48.308500','Buenas tardes Ana María','69e30970-993a-4cfb-a3a1-e97277caf65b','bc5489cf-de0c-4062-9221-85fe97e28fee'),('3aed7cd2-5dbc-4a87-aaeb-ad0c0a92de0b','2021-03-16 22:14:34.584262','fdgdf','95c0601e-079a-4df0-9f79-cc23a7fa6c61','bc5489cf-de0c-4062-9221-85fe97e28fee'),('402d9511-f39d-49c9-8ed0-0713c94696ed','2021-03-17 13:39:25.358943','curiosity','bc5489cf-de0c-4062-9221-85fe97e28fee','95c0601e-079a-4df0-9f79-cc23a7fa6c61'),('40553c77-416b-41e6-a740-36d32c65330e','2021-03-16 22:07:28.842438','PEPE','95c0601e-079a-4df0-9f79-cc23a7fa6c61','bc5489cf-de0c-4062-9221-85fe97e28fee'),('59a14489-58fb-4e41-b392-54a099920f4f','2021-03-17 13:37:52.557731','asi da gusto jeje','bc5489cf-de0c-4062-9221-85fe97e28fee','bcec8294-2656-4670-a90f-bb3c8e27f8cd'),('5cc2a5cc-6eb1-4e0b-bf17-22ad3434d80e','2021-03-17 17:48:11.615693','e','95c0601e-079a-4df0-9f79-cc23a7fa6c61','bc5489cf-de0c-4062-9221-85fe97e28fee'),('67bff9ba-eae7-4494-a0a2-c0712052a549','2021-03-17 13:40:40.034972','allle bro','bcec8294-2656-4670-a90f-bb3c8e27f8cd','bc5489cf-de0c-4062-9221-85fe97e28fee'),('68ab7528-0d17-4b07-9b75-eaa85525225e','2021-03-17 14:04:04.440983','Jajajaja ','95c0601e-079a-4df0-9f79-cc23a7fa6c61','bc5489cf-de0c-4062-9221-85fe97e28fee'),('68ed08b3-d21a-40ba-98e0-bfb08963ae3a','2021-03-17 13:05:40.611663','holi','bc5489cf-de0c-4062-9221-85fe97e28fee','95c0601e-079a-4df0-9f79-cc23a7fa6c61'),('6caa5137-6fa1-49fd-bc4f-714049f97693','2021-03-16 22:12:57.661326','afdg','95c0601e-079a-4df0-9f79-cc23a7fa6c61','bc5489cf-de0c-4062-9221-85fe97e28fee'),('6cb26e2d-68ab-4e6b-9665-cf8094aceca5','2021-03-16 22:36:40.225803','queloque loco','bc5489cf-de0c-4062-9221-85fe97e28fee','95c0601e-079a-4df0-9f79-cc23a7fa6c61'),('70534a65-4970-4f31-83f7-81eb3f6ed55c','2021-03-16 22:14:26.303089','hola','95c0601e-079a-4df0-9f79-cc23a7fa6c61','bc5489cf-de0c-4062-9221-85fe97e28fee'),('787bc408-2e4f-4434-bd52-868a7c1f8b11','2021-03-17 17:48:14.753934','que pasa','95c0601e-079a-4df0-9f79-cc23a7fa6c61','bc5489cf-de0c-4062-9221-85fe97e28fee'),('7d4c4278-e86f-44fa-bb7d-373a87ee5b98','2021-03-16 22:13:05.741899','hola','95c0601e-079a-4df0-9f79-cc23a7fa6c61','bc5489cf-de0c-4062-9221-85fe97e28fee'),('7ebc2fac-4707-45aa-8fcb-0ad553fa07a1','2021-03-16 22:45:09.657220','que pasa','bc5489cf-de0c-4062-9221-85fe97e28fee','95c0601e-079a-4df0-9f79-cc23a7fa6c61'),('7f409dd8-5bcf-4e4a-8003-257a92e2a636','2021-03-17 14:03:45.648491','Hola estoy desde el móvil ','95c0601e-079a-4df0-9f79-cc23a7fa6c61','bc5489cf-de0c-4062-9221-85fe97e28fee'),('858df132-023b-4e45-a7f2-681e5f1a2db5','2021-03-16 22:45:09.726665','puto amo \n','95c0601e-079a-4df0-9f79-cc23a7fa6c61','bc5489cf-de0c-4062-9221-85fe97e28fee'),('89f73cef-7679-46e2-a308-34efe384a76c','2021-03-17 13:40:46.053593','ahora voy','bcec8294-2656-4670-a90f-bb3c8e27f8cd','bc5489cf-de0c-4062-9221-85fe97e28fee'),('8d2199fb-76d0-4a27-aff9-650b5db5b941','2021-03-17 13:37:46.139675','vamos pahi!','bc5489cf-de0c-4062-9221-85fe97e28fee','bcec8294-2656-4670-a90f-bb3c8e27f8cd'),('97ab61b1-def4-4062-8897-b321f2aa0a74','2021-03-17 14:03:56.877017','bua que pasada','bc5489cf-de0c-4062-9221-85fe97e28fee','95c0601e-079a-4df0-9f79-cc23a7fa6c61'),('a1679693-3f84-4bec-bfd9-09f1a4897b64','2021-03-17 14:05:21.830333','Buah ','95c0601e-079a-4df0-9f79-cc23a7fa6c61','bc5489cf-de0c-4062-9221-85fe97e28fee'),('a487cf4b-2dd6-41e5-9b29-a8f94fa4f11f','2021-03-17 12:28:34.402997','holi','bc5489cf-de0c-4062-9221-85fe97e28fee','95c0601e-079a-4df0-9f79-cc23a7fa6c61'),('a728dc77-4119-4c7a-b724-1a34d7f69f26','2021-03-17 14:53:20.285925','JAJAJAA','bcec8294-2656-4670-a90f-bb3c8e27f8cd','bc5489cf-de0c-4062-9221-85fe97e28fee'),('ade9e367-a76c-4e0d-a937-0591392a7c1a','2021-03-16 21:32:38.071156','adsasd','bc5489cf-de0c-4062-9221-85fe97e28fee','95c0601e-079a-4df0-9f79-cc23a7fa6c61'),('aedd564d-1fb5-4cb8-99b4-06bff302b710','2021-03-17 13:37:36.586623','ahora si neno','bc5489cf-de0c-4062-9221-85fe97e28fee','bcec8294-2656-4670-a90f-bb3c8e27f8cd'),('b1c35cbc-3ec0-4b85-8aed-51bf223ea3db','2021-03-17 18:32:40.474630','hola','bc5489cf-de0c-4062-9221-85fe97e28fee','bcec8294-2656-4670-a90f-bb3c8e27f8cd'),('bdc76dd7-9147-47fa-80fa-ea8bc15381c0','2021-03-16 22:27:29.117307','esdfsad','bc5489cf-de0c-4062-9221-85fe97e28fee','95c0601e-079a-4df0-9f79-cc23a7fa6c61'),('bf7d0de7-3c06-4b34-816d-9409ad108395','2021-03-16 22:12:07.660960','a','95c0601e-079a-4df0-9f79-cc23a7fa6c61','bc5489cf-de0c-4062-9221-85fe97e28fee'),('c0b4075b-bf52-47a6-9bc1-e3a2e4dd1390','2021-03-16 22:04:48.286408','hola','95c0601e-079a-4df0-9f79-cc23a7fa6c61','bc5489cf-de0c-4062-9221-85fe97e28fee'),('c9ff2b82-bf31-4100-bdc4-18439adaf9ba','2021-03-16 22:10:21.590106','PEPE','95c0601e-079a-4df0-9f79-cc23a7fa6c61','bc5489cf-de0c-4062-9221-85fe97e28fee'),('caaa1935-b61b-483d-975e-0bc3fcddc6a3','2021-03-17 14:04:01.553887','XD','bc5489cf-de0c-4062-9221-85fe97e28fee','95c0601e-079a-4df0-9f79-cc23a7fa6c61'),('cb33f7ea-eb9d-4ad6-b203-44c118a3864c','2021-03-16 21:34:09.277618','asdasdads','bc5489cf-de0c-4062-9221-85fe97e28fee','95c0601e-079a-4df0-9f79-cc23a7fa6c61'),('d151b45b-3a35-4482-a052-c984952ad48c','2021-03-16 22:13:08.424444','keloke','bc5489cf-de0c-4062-9221-85fe97e28fee','95c0601e-079a-4df0-9f79-cc23a7fa6c61'),('d99ea701-f0c5-4c09-8b4f-508c07d5ad9b','2021-03-16 22:48:55.293889','dssd','95c0601e-079a-4df0-9f79-cc23a7fa6c61','bc5489cf-de0c-4062-9221-85fe97e28fee'),('e262f291-eca0-4cf0-ba40-681f8125e121','2021-03-16 22:31:39.096250','asdasdasd','bc5489cf-de0c-4062-9221-85fe97e28fee','95c0601e-079a-4df0-9f79-cc23a7fa6c61'),('e8ccb68c-e215-4449-9819-66e5390af42e','2021-03-17 13:37:39.555764','XD','bc5489cf-de0c-4062-9221-85fe97e28fee','bcec8294-2656-4670-a90f-bb3c8e27f8cd'),('ef06015e-87fa-48bc-a0b5-a3fc7f3c8a23','2021-03-17 18:32:28.360770','hola','bcec8294-2656-4670-a90f-bb3c8e27f8cd','bc5489cf-de0c-4062-9221-85fe97e28fee'),('f32b7558-062f-4a2f-93dc-629a88a2fc67','2021-03-16 22:45:30.354052','JAJAJAJAJAA','95c0601e-079a-4df0-9f79-cc23a7fa6c61','bc5489cf-de0c-4062-9221-85fe97e28fee'),('f7e2063d-dbae-445c-a4a4-2ef4dba6302a','2021-03-16 22:27:20.111469','esdfsad','bc5489cf-de0c-4062-9221-85fe97e28fee','95c0601e-079a-4df0-9f79-cc23a7fa6c61'),('f85bb4f3-c089-4657-a39d-1747072ba834','2021-03-16 22:27:10.155088','e','bc5489cf-de0c-4062-9221-85fe97e28fee','95c0601e-079a-4df0-9f79-cc23a7fa6c61'),('fbee6a88-5b70-4908-8a05-bca8ad04e6e0','2021-03-17 14:04:19.603161','Dioos','95c0601e-079a-4df0-9f79-cc23a7fa6c61','bc5489cf-de0c-4062-9221-85fe97e28fee');
/*!40000 ALTER TABLE `messages` ENABLE KEYS */;
UNLOCK TABLES;

--
-- Dumping data for table `notifications`
--

LOCK TABLES `notifications` WRITE;
/*!40000 ALTER TABLE `notifications` DISABLE KEYS */;
INSERT INTO `notifications` VALUES ('02f96152-d2cf-4c03-bfb3-7f361be8c528','2021-03-15 17:31:35.312458','RATING',1,'95c0601e-079a-4df0-9f79-cc23a7fa6c61'),('06cdf796-52f8-44ef-be8f-416daaa2d08e','2021-03-17 13:39:25.272702','MESSAGE',1,'95c0601e-079a-4df0-9f79-cc23a7fa6c61'),('0b319f1e-20a2-4eaa-8c14-0bf77f7f3d7b','2021-03-16 21:34:08.333956','MESSAGE',1,'95c0601e-079a-4df0-9f79-cc23a7fa6c61'),('128bf2e6-d8b3-41ab-abb5-d24bc4e8cee0','2021-03-15 17:24:50.128565','RATING',1,'95c0601e-079a-4df0-9f79-cc23a7fa6c61'),('1a1f9847-1ae9-4bd6-a411-90653fc9752f','2021-03-15 17:42:55.893082','RATING',1,'95c0601e-079a-4df0-9f79-cc23a7fa6c61'),('1e5b4cf5-07bd-415a-8a29-a450d14ca3ef','2021-03-16 21:32:37.987331','MESSAGE',1,'95c0601e-079a-4df0-9f79-cc23a7fa6c61'),('1eae7e93-0a76-4787-9e86-90a9b2f83d39','2021-03-16 21:34:09.561854','MESSAGE',1,'95c0601e-079a-4df0-9f79-cc23a7fa6c61'),('1f539df0-9156-423c-baff-75caf742c276','2021-03-16 15:54:50.070327','BOOKING',1,'bcec8294-2656-4670-a90f-bb3c8e27f8cd'),('212d243c-da08-4fe2-8b74-d2e7f8c441ea','2021-03-16 22:27:20.065335','MESSAGE',1,'95c0601e-079a-4df0-9f79-cc23a7fa6c61'),('2ac06b22-8a9d-48ea-a608-dd9d621e72f3','2021-03-16 22:27:10.066627','MESSAGE',1,'95c0601e-079a-4df0-9f79-cc23a7fa6c61'),('2b4f224c-820b-4f87-8be6-4249ca60cdd9','2021-03-15 17:34:05.713310','RATING',1,'95c0601e-079a-4df0-9f79-cc23a7fa6c61'),('3278fe14-c114-40c7-b01f-1ebef311058d','2021-03-16 22:27:29.073188','MESSAGE',1,'95c0601e-079a-4df0-9f79-cc23a7fa6c61'),('39d6daa5-dedb-48be-9114-3c5cdd188f7e','2021-03-15 17:50:40.680946','RATING',1,'95c0601e-079a-4df0-9f79-cc23a7fa6c61'),('3a9e4b3a-a16f-4bf5-88d6-42ab3896a306','2021-03-16 10:37:06.899137','BOOKING',1,'1e6ecc81-5c13-4f63-8e8e-d2dbdfc58dff'),('47a4fd22-2b96-4189-a2a3-21e1f8255d94','2021-03-15 17:45:28.926748','RATING',1,'95c0601e-079a-4df0-9f79-cc23a7fa6c61'),('4991f051-45f3-47b9-903d-8714f9bea4e4','2021-03-15 15:16:06.895387','VISIT',1,'1e6ecc81-5c13-4f63-8e8e-d2dbdfc58dff'),('4c9d94ed-1eac-44ca-af30-f03b1a0958a2','2021-03-17 14:42:59.556432','MESSAGE',1,'69e30970-993a-4cfb-a3a1-e97277caf65b'),('4dec8198-1d7c-4522-9e3e-6160f01955e7','2021-03-17 17:48:14.708026','MESSAGE',1,'bc5489cf-de0c-4062-9221-85fe97e28fee'),('551f59ac-b94b-446e-83ff-fec2e76750ec','2021-03-15 16:19:12.573931','RATING',1,'c92a360d-ec64-4882-bf4b-126e2b6e6397'),('566006fc-2c3f-49b2-aefb-03a56ad2133c','2021-03-15 15:14:09.310474','BOOKING',1,'1e6ecc81-5c13-4f63-8e8e-d2dbdfc58dff'),('57b8e3c1-7b3b-4273-a15a-11889097667e','2021-03-15 17:39:01.098628','RATING',1,'95c0601e-079a-4df0-9f79-cc23a7fa6c61'),('5be7cf91-88f5-474a-862b-78cd0225d40a','2021-03-16 22:42:42.659325','MESSAGE',1,'95c0601e-079a-4df0-9f79-cc23a7fa6c61'),('6870d565-4fe3-45eb-b272-d4d8cb3c280c','2021-03-16 16:08:23.177325','RATING',1,'bcec8294-2656-4670-a90f-bb3c8e27f8cd'),('6c61c1a3-1592-4b6d-a087-37bc9f3ff05d','2021-03-17 13:37:36.490558','MESSAGE',1,'bcec8294-2656-4670-a90f-bb3c8e27f8cd'),('7236831b-2855-46e0-97ee-1ca8e56d88c4','2021-03-16 21:34:09.605453','MESSAGE',1,'95c0601e-079a-4df0-9f79-cc23a7fa6c61'),('772f25cb-721d-4b9f-9fae-5fdfc4bb77b6','2021-03-16 22:17:20.224832','MESSAGE',1,'95c0601e-079a-4df0-9f79-cc23a7fa6c61'),('7dbdff42-9210-4b60-8956-f15c2466f0ee','2021-03-14 18:43:32.767807','BOOKING',1,'95c0601e-079a-4df0-9f79-cc23a7fa6c61'),('7eae5874-200e-4eea-9b12-e47dea7d45dc','2021-03-16 22:13:08.332144','MESSAGE',1,'95c0601e-079a-4df0-9f79-cc23a7fa6c61'),('80824efc-cc8b-49b4-adab-a2207262f3c3','2021-03-17 12:28:34.315668','MESSAGE',1,'95c0601e-079a-4df0-9f79-cc23a7fa6c61'),('83dc09d9-3bd9-40d4-8a25-d67923b31117','2021-03-15 17:17:43.722116','RATING',1,'95c0601e-079a-4df0-9f79-cc23a7fa6c61'),('8744b1e2-31df-400a-9e99-756059f9ab14','2021-03-15 17:29:38.985792','RATING',1,'95c0601e-079a-4df0-9f79-cc23a7fa6c61'),('8c02d680-81d2-44a4-85d0-63f262fc8f28','2021-03-15 15:26:01.639572','RATING',1,'95c0601e-079a-4df0-9f79-cc23a7fa6c61'),('8e9b5fa9-e28a-4321-8e37-e58e7f0a2359','2021-03-16 15:53:01.877033','VISIT',1,'bcec8294-2656-4670-a90f-bb3c8e27f8cd'),('91c814c7-0d6d-466e-ae2a-09ead75e2823','2021-03-16 16:06:46.044781','PAYMENT',1,'bcec8294-2656-4670-a90f-bb3c8e27f8cd'),('9387c61e-4ea6-4821-b201-04ef40ae587d','2021-03-15 17:42:51.809878','RATING',1,'95c0601e-079a-4df0-9f79-cc23a7fa6c61'),('9d335ced-f10b-43f6-b206-6cc728f8e159','2021-03-14 22:34:43.509944','BOOKING',1,'1e6ecc81-5c13-4f63-8e8e-d2dbdfc58dff'),('a1c454de-6389-4f96-acbe-b46a476f8ba9','2021-03-15 17:31:58.765786','RATING',1,'95c0601e-079a-4df0-9f79-cc23a7fa6c61'),('a2dbfe5a-b90d-4065-b229-f1487045b18c','2021-03-17 18:32:28.274748','MESSAGE',1,'bc5489cf-de0c-4062-9221-85fe97e28fee'),('aa6373f7-4714-4892-bf99-219a2d496417','2021-03-15 17:20:18.804392','RATING',1,'95c0601e-079a-4df0-9f79-cc23a7fa6c61'),('b375c4d4-70b1-4eea-9624-b825023b3d7f','2021-03-15 17:43:00.665308','RATING',1,'95c0601e-079a-4df0-9f79-cc23a7fa6c61'),('bbab7d25-782e-443d-8fae-c777ca957152','2021-03-15 17:34:55.724593','RATING',1,'95c0601e-079a-4df0-9f79-cc23a7fa6c61'),('c05a7ad0-bef4-4a25-8316-1177b3c1f763','2021-03-17 17:48:11.528192','MESSAGE',1,'bc5489cf-de0c-4062-9221-85fe97e28fee'),('c7f4b877-2477-456e-89d4-48ce8357d5cf','2021-03-16 21:34:09.230837','MESSAGE',1,'95c0601e-079a-4df0-9f79-cc23a7fa6c61'),('d45a0be1-701d-4721-a385-d33d3e2d65c3','2021-03-16 22:36:40.130198','MESSAGE',1,'95c0601e-079a-4df0-9f79-cc23a7fa6c61'),('d56764f3-7ef8-4e55-9f64-59db096565c7','2021-03-15 17:40:05.432758','RATING',1,'95c0601e-079a-4df0-9f79-cc23a7fa6c61'),('d73c24e6-7519-405d-9491-2d8424a7a675','2021-03-16 22:31:39.006853','MESSAGE',1,'95c0601e-079a-4df0-9f79-cc23a7fa6c61'),('dd61803b-aec9-4704-b62a-7c27aea1c5d1','2021-03-16 16:20:05.296875','RATING',1,'bcec8294-2656-4670-a90f-bb3c8e27f8cd'),('e5243c09-8b44-4a42-991f-cdd70a6d6892','2021-03-15 17:30:22.652987','RATING',1,'95c0601e-079a-4df0-9f79-cc23a7fa6c61'),('ea02f47a-3ad1-4639-8219-1386f2a05c55','2021-03-17 14:46:31.685960','BOOKING',1,'69e30970-993a-4cfb-a3a1-e97277caf65b'),('ee22ce89-74b1-4344-8b30-1dbafa6754e3','2021-03-15 15:16:22.374845','VISIT',1,'1e6ecc81-5c13-4f63-8e8e-d2dbdfc58dff'),('f2e2fdef-0058-4d53-b384-4bc0c11238c1','2021-03-16 22:45:09.525505','MESSAGE',1,'95c0601e-079a-4df0-9f79-cc23a7fa6c61'),('f35b3dfc-9457-4ebc-961b-99a8d15e4a2c','2021-03-17 18:32:51.344226','MESSAGE',1,'bc5489cf-de0c-4062-9221-85fe97e28fee'),('f66f3b36-b93a-4c4d-a012-edc5c6c390ce','2021-03-15 14:33:23.079643','RATING',1,'1e6ecc81-5c13-4f63-8e8e-d2dbdfc58dff'),('f732944d-0083-47a0-b779-3c5a3ee2cb9e','2021-03-17 14:04:01.534097','MESSAGE',1,'95c0601e-079a-4df0-9f79-cc23a7fa6c61'),('fc18e6d8-f430-4eb8-bb3a-98452525e09e','2021-03-16 15:46:35.127257','VISIT',1,'bcec8294-2656-4670-a90f-bb3c8e27f8cd');
/*!40000 ALTER TABLE `notifications` ENABLE KEYS */;
UNLOCK TABLES;

--
-- Dumping data for table `publication`
--

LOCK TABLES `publication` WRITE;
/*!40000 ALTER TABLE `publication` DISABLE KEYS */;
INSERT INTO `publication` VALUES ('0122423f-b247-4921-a6dc-41059f46b605',68,2,1,0,1,0,0,0,0,0,0,0,'GAS','FLAT',250,300,'2021-03-29','2021-03-16 14:03:27.700986',0,'bc5489cf-de0c-4062-9221-85fe97e28fee','c053f7a3-6966-40b2-92e5-6bc144f198c7'),('083ab7b4-386a-4a19-b422-1becf9c54c10',76,3,2,1,0,1,0,0,1,0,0,0,'GAS','HOUSE',600,600,'2021-04-09','2021-03-16 15:27:34.881372',1,'bc5489cf-de0c-4062-9221-85fe97e28fee','6242f6dd-f6f7-46fb-aef3-57afe84dd117'),('0d6752b8-f754-4b44-8530-73eeaf10ad43',80,3,2,0,1,0,0,0,0,0,0,0,'ELECTRICAL','FLAT',200,300,'2021-03-26','2021-03-16 13:52:57.634179',0,'bc5489cf-de0c-4062-9221-85fe97e28fee','d9e5ad39-0102-4700-9700-5d52221d595e'),('12538ed1-ebbb-4ce8-ab39-b4dc3cc6a76a',129,2,3,1,0,1,0,0,1,0,1,1,'ELECTRICAL','HOUSE',5504,323,'2021-03-20','2021-03-13 12:43:49.919221',1,'1e6ecc81-5c13-4f63-8e8e-d2dbdfc58dff','35075852-1355-4a92-a8f1-49daab9fdf66'),('23396244-e41a-4e42-be23-cd5e944157f3',120,2,3,1,0,1,0,0,0,1,1,0,'GAS','HOUSE',1200,300,'2021-03-10','2021-03-09 16:58:44.804913',0,'95c0601e-079a-4df0-9f79-cc23a7fa6c61','90162685-0627-40cc-827e-cf973875c831'),('2875c668-086e-4387-b2d2-38f607503243',111,4,3,1,1,1,0,0,0,0,1,0,'ELECTRICAL','FLAT',600,900,'2021-04-07','2021-03-16 15:24:33.711950',0,'bc5489cf-de0c-4062-9221-85fe97e28fee','5e171736-ae5f-4d80-bfa3-75400d7e33a4'),('3cbecdcc-cad7-433d-9259-b367cbfe4a08',120,3,3,1,0,1,0,0,0,0,0,0,'GAS','HOUSE',678,768,'2021-03-31','2021-03-16 15:32:52.110229',0,'95c0601e-079a-4df0-9f79-cc23a7fa6c61','c368e3ea-9ca6-42da-a26b-03e4c6bb7cd7'),('3e528c65-2b56-4e26-8b11-75906ab285f4',92,3,2,1,1,1,0,0,0,0,0,0,'ELECTRICAL','FLAT',500,900,'2021-03-30','2021-03-16 15:09:47.757082',0,'bc5489cf-de0c-4062-9221-85fe97e28fee','1fdb1e6c-2f43-4f52-b062-ff9ddd87937c'),('3e61fd58-407f-42b3-a7ac-7f2c01c158ef',67,3,1,0,0,1,0,0,0,0,0,0,'ELECTRICAL','FLAT',200,350,'2021-03-20','2021-03-16 13:27:38.887001',0,'bc5489cf-de0c-4062-9221-85fe97e28fee','b826cbcd-8a1c-4140-ba34-277807cac460'),('42d32147-691d-418c-99b2-f5270db870ce',120,4,3,1,1,1,0,1,1,1,1,1,'ELECTRICAL','FLAT',600,300,'2021-03-26','2021-03-17 18:26:37.561876',0,'bcec8294-2656-4670-a90f-bb3c8e27f8cd','9572841a-02fb-41dd-b6af-18c8e8559dd8'),('4900fc1c-c36a-409f-8ace-4b16d7e7c42d',120,3,3,1,1,1,0,1,1,1,1,1,'GAS','FLAT',1230,321,'2021-03-27','2021-03-16 14:17:55.092440',0,'bcec8294-2656-4670-a90f-bb3c8e27f8cd','84aeaee2-0651-4b01-9eb2-72e06399337d'),('4abea89b-15a7-4228-a3ac-d3942e91fbb9',78,3,2,1,1,0,0,0,0,0,0,0,'ELECTRICAL','FLAT',250,500,'2021-04-20','2021-03-16 15:18:46.861272',0,'bc5489cf-de0c-4062-9221-85fe97e28fee','7855aa88-7c7b-4f1c-9feb-5e011b6af957'),('4fe8b9b8-2ad5-45f9-9d13-da80fdaa824e',120,2,3,1,0,1,0,0,0,1,1,1,'ELECTRICAL','FLAT',213,123,'2021-05-10','2021-03-16 14:56:29.883330',0,'bcec8294-2656-4670-a90f-bb3c8e27f8cd','836c8bcb-8378-4c03-9810-6e6a0f42b592'),('6221f9a7-5682-4cbd-a644-9f05bed5cf94',65,2,1,0,0,1,0,0,0,0,0,0,'ELECTRICAL','FLAT',300,350,'2021-05-15','2021-03-16 15:30:36.009723',1,'bc5489cf-de0c-4062-9221-85fe97e28fee','ec703069-05c2-43d4-81c0-743121800831'),('696022e2-1278-47d5-82e4-c8b49168e41c',120,3,4,1,0,1,0,0,1,1,1,1,'ELECTRICAL','FLAT',1230,321,'2021-03-31','2021-03-16 14:01:22.056078',0,'bcec8294-2656-4670-a90f-bb3c8e27f8cd','eb9adfab-496f-4116-9769-b5a4cc726764'),('735d2dd2-2e25-4c9a-b232-c2abbaf89a74',230,4,5,1,1,1,0,1,1,0,1,1,'GAS','HOUSE',900,545,'2021-03-28','2021-03-09 17:24:00.504319',0,'95c0601e-079a-4df0-9f79-cc23a7fa6c61','faca659f-ec2b-4f67-8b2b-eaad23495c30'),('767afde8-d2dc-4e70-832d-6d9c1e180407',120,3,3,1,0,1,0,0,0,0,0,0,'ELECTRICAL','FLAT',1000,200,'2021-03-21','2021-03-13 19:09:18.041859',0,'1e6ecc81-5c13-4f63-8e8e-d2dbdfc58dff','d3333691-e553-4999-b5dd-7986e6bc3561'),('87b85f66-c93a-4a38-bf7d-c868e81d0526',324,2,1,1,0,1,0,0,1,1,1,0,'GAS','HOUSE',123,123,'2021-03-30','2021-03-16 15:06:21.306058',0,'bcec8294-2656-4670-a90f-bb3c8e27f8cd','6244f8bf-13a3-427e-9a38-2c94a6e3b0be'),('88afb0d1-9899-41bc-931d-192247fe7599',120,3,3,0,1,0,0,1,1,0,1,0,'GAS','FLAT',1230,213,'2021-03-11','2021-03-09 17:18:54.818614',0,'95c0601e-079a-4df0-9f79-cc23a7fa6c61','8b4ec9e0-c947-44a0-b93c-284d2c9a744c'),('890b98bc-dd60-4426-9391-a5586ac8fabe',90,4,2,1,1,0,0,0,0,0,0,0,'ELECTRICAL','FLAT',300,500,'2021-03-23','2021-03-16 14:00:15.476047',0,'bc5489cf-de0c-4062-9221-85fe97e28fee','32178bfb-44e1-42eb-abab-9dc972484c1f'),('92e801dd-dc0c-45fc-ab82-f1f68146aa48',90,3,2,1,0,0,0,0,0,0,0,0,'GAS','FLAT',300,500,'2021-04-25','2021-03-16 14:45:52.707068',0,'bc5489cf-de0c-4062-9221-85fe97e28fee','24eff7b0-2350-451e-8ec1-9f5c42e5df1f'),('99d83153-d3f2-4248-b4ad-fada806df15a',213,3,1,1,0,0,0,0,0,0,0,0,'GAS','HOUSE',650,324,'2021-07-21','2021-03-16 15:34:09.064453',0,'95c0601e-079a-4df0-9f79-cc23a7fa6c61','731ae22d-053f-428a-974e-91697026c2b7'),('a7b1bdb2-e219-42c3-a0a2-cc501f3bf4ad',86,3,2,0,1,0,0,0,0,0,0,0,'ELECTRICAL','FLAT',300,600,'2021-04-06','2021-03-16 15:12:07.823749',0,'bc5489cf-de0c-4062-9221-85fe97e28fee','8e54dbd0-9266-4050-8d4b-c825901c149d'),('af84c067-3962-4300-8547-dedd9fe47f62',120,2,3,1,1,1,0,1,1,1,1,1,'ELECTRICAL','FLAT',1229,999,'2021-03-31','2021-03-09 16:41:00.675309',0,'95c0601e-079a-4df0-9f79-cc23a7fa6c61','58d32f83-8133-4e53-89cc-22978fac7c4d'),('af84cdbd-447a-40bc-b389-f4800cf52c0c',60,1,1,1,1,1,0,1,1,1,1,0,'ELECTRICAL','FLAT',1200,700,'2021-03-26','2021-03-16 12:34:25.659259',0,'bcec8294-2656-4670-a90f-bb3c8e27f8cd','ada3e8c9-682b-40fa-9c73-cf57510ccd1e'),('b2cf8a4c-b3c2-441f-9756-8071f35b03a1',120,3,3,1,0,1,0,0,0,0,0,0,'GAS','HOUSE',678,768,'2021-03-31','2021-03-16 15:32:51.520113',0,'95c0601e-079a-4df0-9f79-cc23a7fa6c61','1498f205-6b5a-4cc4-9eaf-4df84ec73b69'),('b364411c-556f-4141-a650-49ae17a37636',120,4,3,1,0,0,0,0,0,0,0,1,'GAS','HOUSE',780,420,'1998-05-15','2021-03-16 12:15:36.397274',0,'5eb622d2-f3eb-49c5-93e3-7627ff70ec2f','6160abff-48ea-49ef-bf2d-3f75f0823bda'),('b48a709f-45ea-44c6-9fcf-296a85e04b0c',120,3,4,1,0,1,0,0,0,1,1,0,'GAS','FLAT',123,4324,'2022-05-30','2021-03-17 16:26:37.038891',0,'35f8761f-51c9-48e2-9bdb-12f9eeadbf03','6921f7ce-35ae-49e1-882c-80c5fb6f6068'),('b895c95d-fde2-46ce-999b-973dcf05c5af',60,1,1,0,0,1,0,0,0,0,0,0,'GAS','FLAT',1200,700,'2021-03-27','2021-03-16 12:34:29.195787',0,'bcec8294-2656-4670-a90f-bb3c8e27f8cd','446959fd-8848-4653-a83f-1b758f6b3371'),('bbff10cd-37ca-458c-be12-c23d3b6cd860',120,4,3,0,1,0,0,0,0,0,0,0,'ELECTRICAL','FLAT',500,400,'2021-05-26','2021-03-16 14:52:15.011423',0,'bc5489cf-de0c-4062-9221-85fe97e28fee','f13bde33-25c6-438c-9e5d-2125daf7121e'),('c63cd15d-f40c-47ab-a861-ff1551f92392',120,4,4,1,1,1,0,1,1,1,1,1,'ELECTRICAL','FLAT',1200,800,'2021-03-18','2021-03-13 12:10:14.707282',0,'95c0601e-079a-4df0-9f79-cc23a7fa6c61','b0a28678-6925-47fd-a9be-3c72cbb4354e'),('c693723d-aa1f-4c57-b384-7417141634bd',100,4,2,1,1,1,0,0,0,0,0,0,'GAS','FLAT',500,700,'2021-03-30','2021-03-16 15:02:30.571962',0,'bc5489cf-de0c-4062-9221-85fe97e28fee','bcbf34a3-c036-4697-9a0d-b51ed90b0282'),('daa0f3d4-5571-4504-af2e-8f7331db0397',120,3,4,0,1,0,0,0,0,0,0,0,'ELECTRICAL','FLAT',500,300,'2021-03-20','2021-03-17 16:12:57.842317',0,'35f8761f-51c9-48e2-9bdb-12f9eeadbf03','80bbe862-95a4-43eb-9bd0-21d0440c384c'),('df972201-d772-4805-a7b1-3b86f6d39af5',87,3,1,0,0,1,0,0,0,0,0,0,'GAS','FLAT',400,540,'2021-04-04','2021-03-16 15:05:43.700530',0,'bc5489cf-de0c-4062-9221-85fe97e28fee','b60cc16a-c2e7-43c9-aeb2-232a959d6fc2'),('e73eda45-fb8a-48ca-a23f-60320e27ebcf',120,4,3,1,1,0,0,0,0,0,0,0,'ELECTRICAL','FLAT',500,600,'2021-03-29','2021-03-16 14:59:36.505060',0,'bc5489cf-de0c-4062-9221-85fe97e28fee','49dbd66b-8740-4442-9ca6-0a7344e51c9a'),('fbde7ff5-1e4a-404d-a0ab-8bf5bfb7c6f6',90,3,2,1,0,1,0,0,0,0,0,0,'GAS','FLAT',300,600,'2021-03-20','2021-03-16 13:48:34.051961',0,'bc5489cf-de0c-4062-9221-85fe97e28fee','d36b57f9-1e50-4c35-a6a5-d6544021b4cc'),('fe430407-f02c-4325-aaa4-95864e1c624a',120,2,3,1,1,1,0,1,1,1,1,1,'GAS','HOUSE',1400,800,'2021-03-18','2021-03-13 12:08:45.014605',0,'95c0601e-079a-4df0-9f79-cc23a7fa6c61','e3ed7e93-44bd-4533-95e6-3eedc0d87cf9');
/*!40000 ALTER TABLE `publication` ENABLE KEYS */;
UNLOCK TABLES;

--
-- Dumping data for table `publication_addresses`
--

LOCK TABLES `publication_addresses` WRITE;
/*!40000 ALTER TABLE `publication_addresses` DISABLE KEYS */;
INSERT INTO `publication_addresses` VALUES ('1498f205-6b5a-4cc4-9eaf-4df84ec73b69','calle Avenida','Left','5','A Coruña','Spain',15009,43.3726,-8.21309),('1fdb1e6c-2f43-4f52-b062-ff9ddd87937c','Calle Alcalá 120','I','8','Madrid','Spain',12345,40.29,-3.29987),('24eff7b0-2350-451e-8ec1-9f5c42e5df1f','Alcalde Suarez Ferrin 22','B','1','CORUÑA, A','Spain',15011,43.3742,-8.43264),('32178bfb-44e1-42eb-abab-9dc972484c1f','Calle La Torre 120','A','2','A Coruña','Spain',15006,43.3788,-8.3982),('35075852-1355-4a92-a8f1-49daab9fdf66','Calle Mejillon','a','1','Sevilla','Spain',12320,37.4283,-5.98238),('446959fd-8848-4653-a83f-1b758f6b3371','Calle de Zaragoza','Right','6','Barcelona','Spain',15009,41.5082,2.11792),('49dbd66b-8740-4442-9ca6-0a7344e51c9a','Gran Via 148','A','7','Madrid','Spain',12345,40.7791,-4.23198),('58d32f83-8133-4e53-89cc-22978fac7c4d','Calle Caballeros ','A','4','A Coruña','Spain',15009,43.3531,-8.40563),('5e171736-ae5f-4d80-bfa3-75400d7e33a4','Paseo de Gracia','A','8','Barcelona','Spain',12345,41.3933,2.16363),('6160abff-48ea-49ef-bf2d-3f75f0823bda','Calle Jesus y Maria','left','5','Valencia','Spain',15009,39.4736,-0.388477),('6242f6dd-f6f7-46fb-aef3-57afe84dd117','Calle de los ciegos','D','2','Cádiz','Spain',12345,40.5497,-2.5616),('6244f8bf-13a3-427e-9a38-2c94a6e3b0be','Calle Avenida Monelos 8','a','4','A Coruña','Spain',15009,43.3396,-8.39402),('6921f7ce-35ae-49e1-882c-80c5fb6f6068','Calle Juan Florez 145','A','4','A Coruña','Spain',15009,43.3595,-8.40553),('731ae22d-053f-428a-974e-91697026c2b7','Calle Caballeros','Left','6','A Coruña','Spain',15009,43.3531,-8.40563),('7855aa88-7c7b-4f1c-9feb-5e011b6af957','Rua do Franco 4','A','4','Santiago de Compostela','Spain',12345,42.879,-8.5451),('80bbe862-95a4-43eb-9bd0-21d0440c384c','Calle Barcelona','A','5','A Coruña','Spain',15009,43.3622,-8.42125),('836c8bcb-8378-4c03-9810-6e6a0f42b592','Calle Avenida Monelos 2','A','4A','A Coruña','Spain',15009,43.3496,-8.40446),('84aeaee2-0651-4b01-9eb2-72e06399337d','Avenida Monelos','A','4','A Coruña','Spain',15008,43.3396,-8.39402),('8b4ec9e0-c947-44a0-b93c-284d2c9a744c','Avenida Monelos','left','4','A Coruña','Spain',15009,43.3396,-8.39402),('8e54dbd0-9266-4050-8d4b-c825901c149d','Calle Larios 9','A','4','Malaga','Spain',12345,36.7186,-4.4214),('90162685-0627-40cc-827e-cf973875c831','Calle Juan Florez 120','A','3','A Coruña','Spain',15009,43.3602,-8.4064),('9572841a-02fb-41dd-b6af-18c8e8559dd8','Calle Juan Florez','A','5','A Coruña','Spain',15009,43.3634,-8.40788),('ada3e8c9-682b-40fa-9c73-cf57510ccd1e','Calle de Zaragoza','Right','6','Barcelona','Spain',15009,41.5082,2.11792),('b0a28678-6925-47fd-a9be-3c72cbb4354e','calle Alcala','A','4A','Madrid','Spain',15009,41.4014,1.99983),('b60cc16a-c2e7-43c9-aeb2-232a959d6fc2','Av Labañou 5','I','3','A Coruña','Spain',15011,43.3738,-8.42307),('b826cbcd-8a1c-4140-ba34-277807cac460','Calle Paramo 40','I','4','A Coruña','Spain',15010,42.9899,-8.68585),('bcbf34a3-c036-4697-9a0d-b51ed90b0282','Ronda Outeiro 253','A','10','A Coruña','Spain',15010,43.3613,-8.42181),('c053f7a3-6966-40b2-92e5-6bc144f198c7','Av Gran Canaria 32','A','7','A Coruñ','Spain',15009,43.3724,-8.42342),('c368e3ea-9ca6-42da-a26b-03e4c6bb7cd7','calle Avenida','Left','5','A Coruña','Spain',15009,43.3726,-8.21309),('d3333691-e553-4999-b5dd-7986e6bc3561','Calle Juan Florez','A','4','A Coruña','Spain',15009,43.3634,-8.40788),('d36b57f9-1e50-4c35-a6a5-d6544021b4cc','Emilio Gonzalez Lopez 63','I','4','A Coruña','Spain',15011,43.3742,-8.43206),('d9e5ad39-0102-4700-9700-5d52221d595e','Calle Barcelona 120','D','2','A Coruña','Spain',15010,43.365,-8.42201),('e3ed7e93-44bd-4533-95e6-3eedc0d87cf9','Calle Alcala','A','5A','Madrid','Spain',15009,41.4014,1.99983),('eb9adfab-496f-4116-9769-b5a4cc726764','Calle Caballeros 2','Left','3','A Coruña','Spain',15009,43.356,-8.40591),('ec703069-05c2-43d4-81c0-743121800831','Av de la constitucion','D','5','Sevilla','Spain',12345,37.4915,-5.97818),('f13bde33-25c6-438c-9e5d-2125daf7121e','Alcalde Suarez Ferrin N6 1A','a','2','CORUÑA, A','Spain',15011,43.3748,-8.4349),('faca659f-ec2b-4f67-8b2b-eaad23495c30','Los Rosales 3','F','5','A Coruña','Spain',15011,43.3738,-8.43707);
/*!40000 ALTER TABLE `publication_addresses` ENABLE KEYS */;
UNLOCK TABLES;

--
-- Dumping data for table `publication_pictures`
--

LOCK TABLES `publication_pictures` WRITE;
/*!40000 ALTER TABLE `publication_pictures` DISABLE KEYS */;
INSERT INTO `publication_pictures` VALUES ('00cf1f40-49dc-411b-8110-38eb5d0e38ef','http://res.cloudinary.com/yourplace/image/upload/v1615906773/YourPlace_IMG/jm1kr46pdxko7sixozrc.jpg','e73eda45-fb8a-48ca-a23f-60320e27ebcf'),('045fbfd1-9d82-44d4-b512-30c5846812b8','http://res.cloudinary.com/yourplace/image/upload/v1615907923/YourPlace_IMG/j0jybaofut5www7lxxkz.jpg','4abea89b-15a7-4228-a3ac-d3942e91fbb9'),('0626d180-f69c-45cb-a324-3a3945742fee','http://res.cloudinary.com/yourplace/image/upload/v1615669958/YourPlace_IMG/ctwp8oakhaohgtatcg3v.jpg','af84c067-3962-4300-8547-dedd9fe47f62'),('07fd4810-2b5a-4acd-9b4d-be0735ee9c9c','http://res.cloudinary.com/yourplace/image/upload/v1616006072/YourPlace_IMG/rmqrtbg5gc94ejnlnyyv.jpg','42d32147-691d-418c-99b2-f5270db870ce'),('095d1712-2022-4768-8ac5-d6271b18fb17','http://res.cloudinary.com/yourplace/image/upload/v1615908632/YourPlace_IMG/jzgujmvbba2maq2xdmtc.jpg','6221f9a7-5682-4cbd-a644-9f05bed5cf94'),('09ffb4d6-f697-4efc-a4a7-95a63b8cd412','http://res.cloudinary.com/yourplace/image/upload/v1615997574/YourPlace_IMG/znuxdatoit8csnrq05wf.jpg','daa0f3d4-5571-4504-af2e-8f7331db0397'),('0c2d2086-4629-47f9-bc1f-7565b556bf27','http://res.cloudinary.com/yourplace/image/upload/v1615898065/YourPlace_IMG/rzqjltiyhsdd9ajexuna.jpg','b895c95d-fde2-46ce-999b-973dcf05c5af'),('0ead3df3-1913-4f8b-889e-f9dccf6a20a0','http://res.cloudinary.com/yourplace/image/upload/v1615908769/YourPlace_IMG/tdalth5is85qukqihlrq.jpg','3cbecdcc-cad7-433d-9259-b367cbfe4a08'),('0eb52623-779c-46c8-8170-8950a7a031c0','http://res.cloudinary.com/yourplace/image/upload/v1615902510/YourPlace_IMG/jvahpxqcvirz79q5pxqt.jpg','fbde7ff5-1e4a-404d-a0ab-8bf5bfb7c6f6'),('1501d5dd-d234-4b6c-b8bd-a48fd294df52','http://res.cloudinary.com/yourplace/image/upload/v1615898066/YourPlace_IMG/vems9xijc689ojvxnfc9.jpg','b895c95d-fde2-46ce-999b-973dcf05c5af'),('1a50ad60-9ff1-4993-8643-928c5bef77c6','http://res.cloudinary.com/yourplace/image/upload/v1615310332/YourPlace_IMG/pkpjsyuzbfah61bsr9op.jpg','88afb0d1-9899-41bc-931d-192247fe7599'),('1ae3387e-24aa-4e9b-abcc-ac4c04169f4c','http://res.cloudinary.com/yourplace/image/upload/v1615637321/YourPlace_IMG/tjfobxaq3szawhwmgtu0.jpg','fe430407-f02c-4325-aaa4-95864e1c624a'),('1b10e796-5f7c-45a0-a88c-912339e3c25a','http://res.cloudinary.com/yourplace/image/upload/v1615898065/YourPlace_IMG/uu1nddxwggphqjt1hw3a.jpg','b895c95d-fde2-46ce-999b-973dcf05c5af'),('20e58dfa-0b75-468b-9aac-fcf709f9b46a','http://res.cloudinary.com/yourplace/image/upload/v1615906947/YourPlace_IMG/ku3y7261hmged60i3iel.jpg','c693723d-aa1f-4c57-b384-7417141634bd'),('222f4244-e355-4167-b02c-80f7d7b02c0f','http://res.cloudinary.com/yourplace/image/upload/v1615905949/YourPlace_IMG/greisbadj8j22ivgtkvg.jpg','92e801dd-dc0c-45fc-ab82-f1f68146aa48'),('278677cc-12d2-4213-a6f9-d70ac066402e','http://res.cloudinary.com/yourplace/image/upload/v1615998394/YourPlace_IMG/zwlbygyikv2qvilrkdfa.jpg','b48a709f-45ea-44c6-9fcf-296a85e04b0c'),('2b574960-e457-48ae-a070-6e033a058f02','http://res.cloudinary.com/yourplace/image/upload/v1615997573/YourPlace_IMG/wa2s0lwfkngza94l27nc.jpg','daa0f3d4-5571-4504-af2e-8f7331db0397'),('2bf5d9fb-345c-45a6-a783-653b47f58fe8','http://res.cloudinary.com/yourplace/image/upload/v1615903212/YourPlace_IMG/iloqi1vkozorunggexrk.jpg','890b98bc-dd60-4426-9391-a5586ac8fabe'),('2e839598-5995-465a-8b8d-5fa78b007b9f','http://res.cloudinary.com/yourplace/image/upload/v1616005594/YourPlace_IMG/jgh4asof82klxlku9fjy.jpg','42d32147-691d-418c-99b2-f5270db870ce'),('2fb18651-ae7d-47b6-9c67-5c07b13197c6','http://res.cloudinary.com/yourplace/image/upload/v1615997861/YourPlace_IMG/hugqyrz4feay0owx6cpj.jpg','daa0f3d4-5571-4504-af2e-8f7331db0397'),('301533fc-c31e-43f5-bd8a-1d18de99850a','http://res.cloudinary.com/yourplace/image/upload/v1615903404/YourPlace_IMG/epts3sgz1lkzc0ryv4c5.jpg','0122423f-b247-4921-a6dc-41059f46b605'),('3469c7aa-da3d-4c63-887b-c92688647dcb','http://res.cloudinary.com/yourplace/image/upload/v1615310637/YourPlace_IMG/yzjxfluxq8mchegolyqu.jpg','735d2dd2-2e25-4c9a-b232-c2abbaf89a74'),('34cceed5-8350-4405-9d41-c8f7d77c0535','http://res.cloudinary.com/yourplace/image/upload/v1615908270/YourPlace_IMG/rljrbuxwuwvwm1nqa4ws.jpg','2875c668-086e-4387-b2d2-38f607503243'),('36dd17f1-5a1c-48b7-8815-f78c14b773ef','http://res.cloudinary.com/yourplace/image/upload/v1615997574/YourPlace_IMG/pggf7retaxjbnqi5pbhf.jpg','daa0f3d4-5571-4504-af2e-8f7331db0397'),('44f49ae3-1a85-459f-a5f6-fb237141ba36','http://res.cloudinary.com/yourplace/image/upload/v1615310637/YourPlace_IMG/knr3uro5ttl95gltomzz.jpg','735d2dd2-2e25-4c9a-b232-c2abbaf89a74'),('450cb430-1940-4ca3-8a49-4915ef682be7','http://res.cloudinary.com/yourplace/image/upload/v1615902774/YourPlace_IMG/z6mlefcccszwfynf1o7w.jpg','0d6752b8-f754-4b44-8530-73eeaf10ad43'),('462139ea-e15a-4d18-948b-7dbc029b8453','http://res.cloudinary.com/yourplace/image/upload/v1615904271/YourPlace_IMG/wib0inlozt60jmawchjq.jpg','4900fc1c-c36a-409f-8ace-4b16d7e7c42d'),('4aa01e20-3962-46a4-9680-d7c6603c8df1','http://res.cloudinary.com/yourplace/image/upload/v1615902509/YourPlace_IMG/vbzkpomlrtejmydgwfzo.jpg','fbde7ff5-1e4a-404d-a0ab-8bf5bfb7c6f6'),('4ae4e35e-2770-4851-91ee-969edeab080d','http://res.cloudinary.com/yourplace/image/upload/v1615898061/YourPlace_IMG/vmqpq5y3q69tto8el2jm.jpg','af84cdbd-447a-40bc-b389-f4800cf52c0c'),('4b2e2dc9-e224-4566-9a55-a982cb3f84ea','http://res.cloudinary.com/yourplace/image/upload/v1615906331/YourPlace_IMG/zeub6qbje1oidvavovnf.jpg','bbff10cd-37ca-458c-be12-c23d3b6cd860'),('4bc02358-5e11-4fc4-9770-6e1da682b957','http://res.cloudinary.com/yourplace/image/upload/v1615908767/YourPlace_IMG/a5ld4ondpszbk052iw6y.jpg','b2cf8a4c-b3c2-441f-9756-8071f35b03a1'),('526eda72-5702-4b46-b778-8db11c83d447','http://res.cloudinary.com/yourplace/image/upload/v1615907923/YourPlace_IMG/go46x0fubchtlftwlzlj.jpg','4abea89b-15a7-4228-a3ac-d3942e91fbb9'),('553cfe9b-e61e-4249-81be-8f16221440c2','http://res.cloudinary.com/yourplace/image/upload/v1615907524/YourPlace_IMG/kzbvrlulq5xphqat7md9.jpg','a7b1bdb2-e219-42c3-a0a2-cc501f3bf4ad'),('576d399e-50cd-4dc9-8e8d-02632b2a1a5d','http://res.cloudinary.com/yourplace/image/upload/v1615905949/YourPlace_IMG/vvmk3czttgdhopfgyxnh.jpg','92e801dd-dc0c-45fc-ab82-f1f68146aa48'),('59812b74-4d26-4950-9f7c-28910604768b','http://res.cloudinary.com/yourplace/image/upload/v1615907747/YourPlace_IMG/jtwch5ajjxh0dqazryy0.jpg','696022e2-1278-47d5-82e4-c8b49168e41c'),('5af8f8f4-5794-4d85-afde-eb36b4eee6d3','http://res.cloudinary.com/yourplace/image/upload/v1616005594/YourPlace_IMG/dpigq5953r6uhxrdzphq.jpg','42d32147-691d-418c-99b2-f5270db870ce'),('5b464742-23c4-4e23-8bf0-cfaaff9db12d','http://res.cloudinary.com/yourplace/image/upload/v1615907140/YourPlace_IMG/tjnompomqajqquisqdys.jpg','df972201-d772-4805-a7b1-3b86f6d39af5'),('5d0a76cc-1828-4d37-a3f4-9b436bd3f51a','http://res.cloudinary.com/yourplace/image/upload/v1615997574/YourPlace_IMG/prlvuui8op3knoqe7fe8.jpg','daa0f3d4-5571-4504-af2e-8f7331db0397'),('62487810-3517-47d5-8040-216c52128c47','http://res.cloudinary.com/yourplace/image/upload/v1615907524/YourPlace_IMG/e9lktzaik7jifz785dma.jpg','a7b1bdb2-e219-42c3-a0a2-cc501f3bf4ad'),('627fcefa-7212-4866-be2e-b5bc0adc8161','http://res.cloudinary.com/yourplace/image/upload/v1615637410/YourPlace_IMG/pdnkjslknkvwx3kl4gqo.jpg','c63cd15d-f40c-47ab-a861-ff1551f92392'),('631a50c6-05a9-46f2-8e1c-1c4fa2c222e5','http://res.cloudinary.com/yourplace/image/upload/v1615896933/YourPlace_IMG/qjgsk2cd0wimquxipfcr.jpg','b364411c-556f-4141-a650-49ae17a37636'),('648bfcfe-47d1-4838-b919-09afc71cba3d','http://res.cloudinary.com/yourplace/image/upload/v1615907948/YourPlace_IMG/tnnammmpbastoqbzfkkt.jpg','4900fc1c-c36a-409f-8ace-4b16d7e7c42d'),('65cc5f18-17d2-4239-afe1-a855aefce823','http://res.cloudinary.com/yourplace/image/upload/v1615903404/YourPlace_IMG/ulovi4zp5kthgd4hobln.jpg','0122423f-b247-4921-a6dc-41059f46b605'),('672b0a2b-f145-480f-b5b0-0048d6dbdb55','http://res.cloudinary.com/yourplace/image/upload/v1615908325/YourPlace_IMG/sxkdxrsef10fumso3q3w.jpg','87b85f66-c93a-4a38-bf7d-c868e81d0526'),('67a756b4-4896-443c-8625-5cf9f49f02f8','http://res.cloudinary.com/yourplace/image/upload/v1615907923/YourPlace_IMG/uciiqeiuwdy1hzxwfoc9.jpg','4abea89b-15a7-4228-a3ac-d3942e91fbb9'),('6803a9e3-9076-4c16-a643-feb7d76f6a14','http://res.cloudinary.com/yourplace/image/upload/v1615637410/YourPlace_IMG/dj0pcgmttfaxpedabyyn.jpg','c63cd15d-f40c-47ab-a861-ff1551f92392'),('6a131225-44cb-4cc2-9c25-4ed3825e0318','http://res.cloudinary.com/yourplace/image/upload/v1615908270/YourPlace_IMG/aswmcurvycwimi0jogmm.jpg','2875c668-086e-4387-b2d2-38f607503243'),('70c0f4e7-014c-47c9-8209-a485267bde5a','http://res.cloudinary.com/yourplace/image/upload/v1615908270/YourPlace_IMG/rqsxnb3dotf7aacdayt3.jpg','2875c668-086e-4387-b2d2-38f607503243'),('7131d3ad-2fe4-458f-8435-a968d6960771','http://res.cloudinary.com/yourplace/image/upload/v1615662554/YourPlace_IMG/tnj8uzw6krt2tzigmuka.jpg','767afde8-d2dc-4e70-832d-6d9c1e180407'),('71cb2d5d-2210-470b-9781-b3283b3b1022','http://res.cloudinary.com/yourplace/image/upload/v1615908845/YourPlace_IMG/kwzclpvsxmhvj4idshni.jpg','99d83153-d3f2-4248-b4ad-fada806df15a'),('7228ca70-5982-4028-b66e-0b1298ab4675','http://res.cloudinary.com/yourplace/image/upload/v1615639427/YourPlace_IMG/flfwddvvwexleexypy1b.jpg','12538ed1-ebbb-4ce8-ab39-b4dc3cc6a76a'),('775bafc2-5dbd-4aeb-be67-14e26736b664','http://res.cloudinary.com/yourplace/image/upload/v1615997574/YourPlace_IMG/ctixujxxml8u4vuejrj7.jpg','daa0f3d4-5571-4504-af2e-8f7331db0397'),('788d6fdd-2a16-4831-8998-e492e55cb499','http://res.cloudinary.com/yourplace/image/upload/v1615637321/YourPlace_IMG/go8lnveqzblaa04uhrnm.jpg','fe430407-f02c-4325-aaa4-95864e1c624a'),('790ae40b-990f-43ce-9ab0-a2792f0a3b1a','http://res.cloudinary.com/yourplace/image/upload/v1615637321/YourPlace_IMG/wlgxl8qewfdmdzl1iash.jpg','fe430407-f02c-4325-aaa4-95864e1c624a'),('794f566f-2f7e-4e26-ada1-0682b01bfeb7','http://res.cloudinary.com/yourplace/image/upload/v1615637321/YourPlace_IMG/igdld7smuvyrcpszttos.jpg','fe430407-f02c-4325-aaa4-95864e1c624a'),('7b97ae15-14aa-4e97-96ea-fd4332dd65e5','http://res.cloudinary.com/yourplace/image/upload/v1615310332/YourPlace_IMG/l0v1385zixvyccqsrgdc.jpg','88afb0d1-9899-41bc-931d-192247fe7599'),('7ca034a0-f498-453c-b40f-7d2b3dc733e6','http://res.cloudinary.com/yourplace/image/upload/v1615310332/YourPlace_IMG/l0lgcxfwlizidlenrmmc.jpg','88afb0d1-9899-41bc-931d-192247fe7599'),('7e6ad307-50d8-475b-b2f8-2d9754a68125','http://res.cloudinary.com/yourplace/image/upload/v1615896933/YourPlace_IMG/o7dhfjflsk4vyzkv3xlq.jpg','b364411c-556f-4141-a650-49ae17a37636'),('7ebde621-3373-48ca-9a4f-b2a9947ef0e8','http://res.cloudinary.com/yourplace/image/upload/v1615997574/YourPlace_IMG/ul1bzh7lf3ed3sez1rcm.jpg','daa0f3d4-5571-4504-af2e-8f7331db0397'),('7f2b34e1-231c-4af0-be02-c947690d34d8','http://res.cloudinary.com/yourplace/image/upload/v1615903276/YourPlace_IMG/bava9zpw9kd2brjmnfgd.jpg','696022e2-1278-47d5-82e4-c8b49168e41c'),('7fd5721f-bd6d-4e4b-8041-24491a4e2d24','http://res.cloudinary.com/yourplace/image/upload/v1615669486/YourPlace_IMG/jkerczgowqog0ot5qo0y.jpg','767afde8-d2dc-4e70-832d-6d9c1e180407'),('828a69ac-113c-444f-88a4-1f4bff7f0257','http://res.cloudinary.com/yourplace/image/upload/v1615901255/YourPlace_IMG/lhim7ggkgvpw1qfjrtrw.jpg','3e61fd58-407f-42b3-a7ac-7f2c01c158ef'),('830c272d-32b8-404b-8993-f9ed8bd6eb72','http://res.cloudinary.com/yourplace/image/upload/v1615896933/YourPlace_IMG/o1rfygfp7tbzqjzdd60n.jpg','b364411c-556f-4141-a650-49ae17a37636'),('887070f2-a6b8-43f4-8b19-6ee33278a0be','http://res.cloudinary.com/yourplace/image/upload/v1615310637/YourPlace_IMG/kakpqkatuuyhbcf2dmkn.jpg','735d2dd2-2e25-4c9a-b232-c2abbaf89a74'),('8902f6db-4611-46f8-ade8-1a75cd51d2e3','http://res.cloudinary.com/yourplace/image/upload/v1615898062/YourPlace_IMG/gbjmpzzfidjjqmgl6c8c.jpg','af84cdbd-447a-40bc-b389-f4800cf52c0c'),('8b57bd14-3782-4388-a79d-dab44c58ae4b','http://res.cloudinary.com/yourplace/image/upload/v1615906331/YourPlace_IMG/aynjzpikrc9jcythuouh.jpg','bbff10cd-37ca-458c-be12-c23d3b6cd860'),('8fc0e090-fb37-49b6-81c4-2a8ff12311be','http://res.cloudinary.com/yourplace/image/upload/v1615898061/YourPlace_IMG/bbqwxphodsbvbgcmbb7g.jpg','af84cdbd-447a-40bc-b389-f4800cf52c0c'),('93c81dc4-b3e8-471a-b22c-e46fac6c8ae7','http://res.cloudinary.com/yourplace/image/upload/v1615906586/YourPlace_IMG/ctuakq268tiiibtgtsow.jpg','4fe8b9b8-2ad5-45f9-9d13-da80fdaa824e'),('93f69060-ff3d-45c9-93fd-bf25b507740a','http://res.cloudinary.com/yourplace/image/upload/v1616005594/YourPlace_IMG/knyzwjwlsrktproaycvj.jpg','42d32147-691d-418c-99b2-f5270db870ce'),('94f266c7-45eb-4a5f-a221-371439501ecd','http://res.cloudinary.com/yourplace/image/upload/v1615903212/YourPlace_IMG/gabmweesblwvknnuitqw.jpg','890b98bc-dd60-4426-9391-a5586ac8fabe'),('9583ca98-7ac2-4e71-a41f-59f0a1ecf525','http://res.cloudinary.com/yourplace/image/upload/v1615662555/YourPlace_IMG/ecktxhayqn3cunbjiysr.jpg','767afde8-d2dc-4e70-832d-6d9c1e180407'),('966eab98-7916-4e3a-927f-b7e560cd5922','http://res.cloudinary.com/yourplace/image/upload/v1615308057/YourPlace_IMG/mthbhzm4tzh785der3yf.jpg','af84c067-3962-4300-8547-dedd9fe47f62'),('9902ade6-9873-4732-8064-de94a81312c4','http://res.cloudinary.com/yourplace/image/upload/v1615637321/YourPlace_IMG/x0kruptm2ahanee8x8cn.jpg','fe430407-f02c-4325-aaa4-95864e1c624a'),('99206fb8-2fdf-45b8-9d6a-63eb323cda48','http://res.cloudinary.com/yourplace/image/upload/v1615908451/YourPlace_IMG/hq6h0x9pbvoplaojz5ed.jpg','083ab7b4-386a-4a19-b422-1becf9c54c10'),('9ade23d1-0347-463d-ad5f-4ab06c0a9434','http://res.cloudinary.com/yourplace/image/upload/v1615998394/YourPlace_IMG/hhedcq0ogco1d9zn2oyk.jpg','b48a709f-45ea-44c6-9fcf-296a85e04b0c'),('9e5b6610-9041-406e-b2f1-b0f2ebc88560','http://res.cloudinary.com/yourplace/image/upload/v1616005594/YourPlace_IMG/aumirvjk2yd3cuoxd90o.jpg','42d32147-691d-418c-99b2-f5270db870ce'),('a125beae-7ca1-4465-a192-68d664493114','http://res.cloudinary.com/yourplace/image/upload/v1615903212/YourPlace_IMG/zdr2wkyyv65v50gjat2a.jpg','890b98bc-dd60-4426-9391-a5586ac8fabe'),('a239f54f-952b-4722-9997-dc29fa635d6a','http://res.cloudinary.com/yourplace/image/upload/v1615908451/YourPlace_IMG/clqbxha1jcz7oh1ks9bp.jpg','083ab7b4-386a-4a19-b422-1becf9c54c10'),('a2ea83da-431a-46f2-9267-e19549ee6eed','http://res.cloudinary.com/yourplace/image/upload/v1615907140/YourPlace_IMG/cqhlslho9z3jp8xcgbme.jpg','df972201-d772-4805-a7b1-3b86f6d39af5'),('a750ba64-9516-4e2f-b5b1-bf65059cbd71','http://res.cloudinary.com/yourplace/image/upload/v1615896933/YourPlace_IMG/qft68j1mgfolxslcf2u7.jpg','b364411c-556f-4141-a650-49ae17a37636'),('a8c7f493-e5f3-4c6d-8abc-d001d97f124a','http://res.cloudinary.com/yourplace/image/upload/v1615309121/YourPlace_IMG/p5xtzjergugvmqnbjqu0.jpg','23396244-e41a-4e42-be23-cd5e944157f3'),('ab190bd9-bb4a-487b-ae2c-893dac38828c','http://res.cloudinary.com/yourplace/image/upload/v1615902510/YourPlace_IMG/weau88n6arqmyzp5ligq.jpg','fbde7ff5-1e4a-404d-a0ab-8bf5bfb7c6f6'),('ae776ace-b4f4-4eda-b976-658d89cdeec4','http://res.cloudinary.com/yourplace/image/upload/v1615906773/YourPlace_IMG/qsskp7pmzrrsibcgogno.jpg','e73eda45-fb8a-48ca-a23f-60320e27ebcf'),('b4dda761-2dbc-4921-a7f4-99ef0ce511dd','http://res.cloudinary.com/yourplace/image/upload/v1615637321/YourPlace_IMG/ce1nl8kcebaiekfu1gmb.jpg','fe430407-f02c-4325-aaa4-95864e1c624a'),('b591f196-4868-4f59-b81c-820562e9a20d','http://res.cloudinary.com/yourplace/image/upload/v1615907570/YourPlace_IMG/b8wzbxj0otqqhqxyiq97.jpg','87b85f66-c93a-4a38-bf7d-c868e81d0526'),('b6fff1bb-8c64-4f6d-a03a-42dc0b8c76a6','http://res.cloudinary.com/yourplace/image/upload/v1615902774/YourPlace_IMG/tl5pb7xxdb9rh88q0x5w.jpg','0d6752b8-f754-4b44-8530-73eeaf10ad43'),('b8b0b73e-140c-49e9-8f78-a0b2561b3f8f','http://res.cloudinary.com/yourplace/image/upload/v1615907384/YourPlace_IMG/fl3dhlgjkxvepoijetqt.jpg','3e528c65-2b56-4e26-8b11-75906ab285f4'),('bbb711e9-3705-4a67-9a64-a82d203d1604','http://res.cloudinary.com/yourplace/image/upload/v1615637321/YourPlace_IMG/myvbadyxvn4w8yrgxl9k.jpg','fe430407-f02c-4325-aaa4-95864e1c624a'),('be964288-e7e3-461d-982a-0291292c44e4','http://res.cloudinary.com/yourplace/image/upload/v1615906947/YourPlace_IMG/dtystxypzjm08khuvmvc.jpg','c693723d-aa1f-4c57-b384-7417141634bd'),('bf41b920-1036-46ae-995e-6dd8a6ef013e','http://res.cloudinary.com/yourplace/image/upload/v1615906947/YourPlace_IMG/jz2zrlx2ftjrnbvchrga.jpg','c693723d-aa1f-4c57-b384-7417141634bd'),('bf88967c-c722-494d-bbec-1b8b7b3c80ad','http://res.cloudinary.com/yourplace/image/upload/v1615908632/YourPlace_IMG/bxzrqnbgp0f7fwo06tc7.jpg','6221f9a7-5682-4cbd-a644-9f05bed5cf94'),('c7abaa9a-994d-42c1-a1e3-dcce61691c55','http://res.cloudinary.com/yourplace/image/upload/v1615998078/YourPlace_IMG/kenr3gundzyrqoosqszl.jpg','daa0f3d4-5571-4504-af2e-8f7331db0397'),('cbc6c414-2aa4-44c9-b310-d85830746bf2','http://res.cloudinary.com/yourplace/image/upload/v1615308056/YourPlace_IMG/ukejbkotuscntcbrk0ek.jpg','af84c067-3962-4300-8547-dedd9fe47f62'),('cd4ac43d-c7b8-4b55-9015-c87f6b1dfe4d','http://res.cloudinary.com/yourplace/image/upload/v1615637410/YourPlace_IMG/xndg0tqvg6wvwr4puiza.jpg','c63cd15d-f40c-47ab-a861-ff1551f92392'),('ceadce1f-4e3d-4c84-9eec-f3530b748a4f','http://res.cloudinary.com/yourplace/image/upload/v1615669486/YourPlace_IMG/ss4phk3400opk4fg1qmp.jpg','767afde8-d2dc-4e70-832d-6d9c1e180407'),('d006c311-1b5f-4dd9-a0d3-c8c75566ba9c','http://res.cloudinary.com/yourplace/image/upload/v1615908632/YourPlace_IMG/q2jl0sgklp0ujq1naqik.jpg','6221f9a7-5682-4cbd-a644-9f05bed5cf94'),('d43b4f99-fcac-45e8-a2c9-e1f070f4269b','http://res.cloudinary.com/yourplace/image/upload/v1615997574/YourPlace_IMG/gmeboz7eynltpvpcbefb.jpg','daa0f3d4-5571-4504-af2e-8f7331db0397'),('d6f38ccf-f354-4393-9d3a-12cf2e3e3eb4','http://res.cloudinary.com/yourplace/image/upload/v1615908632/YourPlace_IMG/lozckyaollnjwauldxpe.jpg','6221f9a7-5682-4cbd-a644-9f05bed5cf94'),('d82a5f21-dd1c-4dba-8060-184d2acd9d70','http://res.cloudinary.com/yourplace/image/upload/v1615637321/YourPlace_IMG/gzwakia6ve5fbespd0w2.jpg','fe430407-f02c-4325-aaa4-95864e1c624a'),('d8b9b148-ffe9-4a13-8b20-5bc3fe536eab','http://res.cloudinary.com/yourplace/image/upload/v1615997574/YourPlace_IMG/olryuvskqagszvz7xrc7.jpg','daa0f3d4-5571-4504-af2e-8f7331db0397'),('dbd89fd1-1ee9-4023-b166-599993827928','http://res.cloudinary.com/yourplace/image/upload/v1615906773/YourPlace_IMG/a1xpjwwxu0j5mzspqqa6.jpg','e73eda45-fb8a-48ca-a23f-60320e27ebcf'),('dc6413fa-e9fa-4bb5-8f00-464fa250acfc','http://res.cloudinary.com/yourplace/image/upload/v1615310637/YourPlace_IMG/r3kp2mqyylz0yvxrswmr.jpg','735d2dd2-2e25-4c9a-b232-c2abbaf89a74'),('dcdac652-bddb-4d61-ba07-c7abec4f317c','http://res.cloudinary.com/yourplace/image/upload/v1615903404/YourPlace_IMG/ufcux4incxwteowyjyld.jpg','0122423f-b247-4921-a6dc-41059f46b605'),('e4048361-8260-4dae-9fe0-995214e58094','http://res.cloudinary.com/yourplace/image/upload/v1615907384/YourPlace_IMG/w3iajgo6r10shygrwwar.jpg','3e528c65-2b56-4e26-8b11-75906ab285f4'),('e79b15dd-86a0-48ce-8969-ac3cf566af68','http://res.cloudinary.com/yourplace/image/upload/v1615908451/YourPlace_IMG/osonnc3jpj2y7kxr0r5t.jpg','083ab7b4-386a-4a19-b422-1becf9c54c10'),('ef7b9df4-5558-4c13-9e64-f9eec14dff94','http://res.cloudinary.com/yourplace/image/upload/v1615903276/YourPlace_IMG/ss2erhlfit90iaynp8yt.jpg','696022e2-1278-47d5-82e4-c8b49168e41c'),('efa1b814-41ae-4a13-91de-bd2c7f7bd181','http://res.cloudinary.com/yourplace/image/upload/v1615907177/YourPlace_IMG/mhfuo4fnebvdna6p8yem.jpg','87b85f66-c93a-4a38-bf7d-c868e81d0526'),('f0c8bbc4-a381-4452-8158-1819999c0d12','http://res.cloudinary.com/yourplace/image/upload/v1615908451/YourPlace_IMG/ro7q4otivxx84qekglmv.jpg','083ab7b4-386a-4a19-b422-1becf9c54c10'),('f102c566-2be8-40fd-9380-71b7ce4887ee','http://res.cloudinary.com/yourplace/image/upload/v1615907524/YourPlace_IMG/x3q4viumzxikpf0sz3qr.jpg','a7b1bdb2-e219-42c3-a0a2-cc501f3bf4ad'),('f3a0aecf-fe05-4850-9234-8e152f9a30ee','http://res.cloudinary.com/yourplace/image/upload/v1615997574/YourPlace_IMG/mhjrx9tnpl1nmvh3usri.jpg','daa0f3d4-5571-4504-af2e-8f7331db0397'),('f7649486-7a02-4a1b-a859-ab648d9ae895','http://res.cloudinary.com/yourplace/image/upload/v1615662555/YourPlace_IMG/zjkwutrcev8whqjsbd2m.jpg','767afde8-d2dc-4e70-832d-6d9c1e180407'),('fb742bed-5575-4be8-89c8-12abc6c300ac','http://res.cloudinary.com/yourplace/image/upload/v1615308056/YourPlace_IMG/efrytzzx5pcqxh5he5ro.jpg','af84c067-3962-4300-8547-dedd9fe47f62'),('fd455cf6-e362-43d9-894b-261a42167f2d','http://res.cloudinary.com/yourplace/image/upload/v1616005594/YourPlace_IMG/epvxm5kmgmqzbkas8o1w.jpg','42d32147-691d-418c-99b2-f5270db870ce');
/*!40000 ALTER TABLE `publication_pictures` ENABLE KEYS */;
UNLOCK TABLES;

--
-- Dumping data for table `publication_ratings`
--

LOCK TABLES `publication_ratings` WRITE;
/*!40000 ALTER TABLE `publication_ratings` DISABLE KEYS */;
INSERT INTO `publication_ratings` VALUES (4,'2021-03-17 18:31:44.822167','Hola , ','083ab7b4-386a-4a19-b422-1becf9c54c10','bcec8294-2656-4670-a90f-bb3c8e27f8cd'),(4,'2021-03-14 12:46:32.449965','Hola, es un sitio estupendo ','12538ed1-ebbb-4ce8-ab39-b4dc3cc6a76a','95c0601e-079a-4df0-9f79-cc23a7fa6c61'),(5,'2021-03-14 19:01:57.231806','Maravillosooo ','23396244-e41a-4e42-be23-cd5e944157f3','1e6ecc81-5c13-4f63-8e8e-d2dbdfc58dff'),(4,'2021-03-16 16:07:40.613532','Es un sitio estupendoo!!! ','6221f9a7-5682-4cbd-a644-9f05bed5cf94','bcec8294-2656-4670-a90f-bb3c8e27f8cd'),(4,'2021-03-15 15:15:36.947479','Hola , me ha encantado la ubicación','735d2dd2-2e25-4c9a-b232-c2abbaf89a74','1e6ecc81-5c13-4f63-8e8e-d2dbdfc58dff'),(4,'2021-03-14 13:29:49.566837','Increible Siioo ','767afde8-d2dc-4e70-832d-6d9c1e180407','95c0601e-079a-4df0-9f79-cc23a7fa6c61'),(4,'2021-03-14 13:32:47.189756','Increíble ','af84c067-3962-4300-8547-dedd9fe47f62','1e6ecc81-5c13-4f63-8e8e-d2dbdfc58dff'),(5,'2021-03-15 11:21:17.410990','Dios Increibleee','c63cd15d-f40c-47ab-a861-ff1551f92392','1e6ecc81-5c13-4f63-8e8e-d2dbdfc58dff');
/*!40000 ALTER TABLE `publication_ratings` ENABLE KEYS */;
UNLOCK TABLES;

--
-- Dumping data for table `transactions`
--

LOCK TABLES `transactions` WRITE;
/*!40000 ALTER TABLE `transactions` DISABLE KEYS */;
INSERT INTO `transactions` VALUES ('52ab716f-e33b-451d-81da-988e54f6a817','2021-03-17 19:29:49.000000',3000,1,'fb05c7fb-890f-4e91-9438-d44e980a2fcc'),('86478d3c-5207-4e63-b629-82b8f92f89c5','2021-03-16 17:06:25.000000',2750,1,'a6b4bca0-35c1-4e8e-92fb-ab26f5eeb25b'),('f274f397-3470-4d4d-84b5-315cc9f42ca7','2021-03-17 16:50:18.000000',6150,1,'e534b229-4bf2-4807-b3e6-efb34853010d');
/*!40000 ALTER TABLE `transactions` ENABLE KEYS */;
UNLOCK TABLES;

--
-- Dumping data for table `user_addresses`
--

LOCK TABLES `user_addresses` WRITE;
/*!40000 ALTER TABLE `user_addresses` DISABLE KEYS */;
INSERT INTO `user_addresses` VALUES ('03a9b09b-4559-45b0-9258-d1f3f4cf2fb6','Calle palomar','A Courña','Spain',15009,'5eb622d2-f3eb-49c5-93e3-7627ff70ec2f'),('06d79d6e-3d91-4eb1-a6ba-9124bc582b34','Avenida Monelos ','A Coruña','Spain',15009,'95c0601e-079a-4df0-9f79-cc23a7fa6c61'),('07dd96a0-3017-4f73-b5bc-98fceb1309cc','','','',0,'8694cee9-f28d-4218-90fa-d3178a41ff9b'),('42551ffe-0752-4b0e-b689-0d7ecf47245f','','','',0,'8b49eab1-4eed-4786-aef4-016de9cdd931'),('4db2f5c7-e1dd-4515-98a8-9accbc6691f7','Avenida Monelos','A Coruña','Spain',15009,'35f8761f-51c9-48e2-9bdb-12f9eeadbf03'),('62374d50-6ce9-40b9-bd7c-57443dc6f914','','','',0,'360fdf6e-b67e-4862-9edb-c973d4babf1c'),('8316f194-728d-4880-bd78-be24d48cf388','','','',0,'c0cd3417-197c-44ad-8b93-a9cb444f4670'),('8d523748-ab4e-4b55-9024-5e8691d9972c','Calle falsa 123','Springfield','Spain',44545,'bc5489cf-de0c-4062-9221-85fe97e28fee'),('a8cd2604-d609-4869-af81-065550778f2b','','','',0,'69e30970-993a-4cfb-a3a1-e97277caf65b'),('be166f96-0707-4a7a-9e6b-008f0ed11f86','Avenida Monelos','A Coruña','Spain',15009,'bcec8294-2656-4670-a90f-bb3c8e27f8cd'),('d6feb8a9-b7db-4c99-ae0d-86c5908d9578','','','',0,'0d6c4294-1415-4ef8-bd48-f5f0341be8ab'),('dba9e344-c82e-4a79-aa02-6dbb1b2d4469','Avenida Monelos','A Coruña','Spain',15009,'740b29a4-9fc9-4892-a015-329e3cd5cfcb'),('ed73548a-4d19-4e21-abdd-6406f9251c09','','','',0,'c92a360d-ec64-4882-bf4b-126e2b6e6397'),('f3108b85-0a1a-43cf-bee3-dd546b159768','Alcalde Suarez Ferrin 6','CORUÑA, A','Spain',15011,'30f1d186-25b0-4737-a682-9579def42e55'),('f60dd696-745d-40b0-9dfe-f27a7cb375b5','Juan Florez','A Coruña','Spain',15009,'1e6ecc81-5c13-4f63-8e8e-d2dbdfc58dff'),('fb463171-5d12-4fa5-b8cf-96086ba3eb63','','','',0,'c2a7cc0e-7554-4045-9b37-3cc418f2d82e');
/*!40000 ALTER TABLE `user_addresses` ENABLE KEYS */;
UNLOCK TABLES;

--
-- Dumping data for table `user_billing_addresses`
--

LOCK TABLES `user_billing_addresses` WRITE;
/*!40000 ALTER TABLE `user_billing_addresses` DISABLE KEYS */;
/*!40000 ALTER TABLE `user_billing_addresses` ENABLE KEYS */;
UNLOCK TABLES;

--
-- Dumping data for table `user_publication_favorites`
--

LOCK TABLES `user_publication_favorites` WRITE;
/*!40000 ALTER TABLE `user_publication_favorites` DISABLE KEYS */;
INSERT INTO `user_publication_favorites` VALUES ('69e30970-993a-4cfb-a3a1-e97277caf65b','3e528c65-2b56-4e26-8b11-75906ab285f4'),('69e30970-993a-4cfb-a3a1-e97277caf65b','92e801dd-dc0c-45fc-ab82-f1f68146aa48'),('69e30970-993a-4cfb-a3a1-e97277caf65b','e73eda45-fb8a-48ca-a23f-60320e27ebcf');
/*!40000 ALTER TABLE `user_publication_favorites` ENABLE KEYS */;
UNLOCK TABLES;

--
-- Dumping data for table `user_rating`
--

LOCK TABLES `user_rating` WRITE;
/*!40000 ALTER TABLE `user_rating` DISABLE KEYS */;
INSERT INTO `user_rating` VALUES (5,'2021-03-15 14:33:23.165658','Menudo maquina!!','1e6ecc81-5c13-4f63-8e8e-d2dbdfc58dff','95c0601e-079a-4df0-9f79-cc23a7fa6c61'),(5,'2021-03-15 17:30:22.765798','Vamoos!!','95c0601e-079a-4df0-9f79-cc23a7fa6c61','1e6ecc81-5c13-4f63-8e8e-d2dbdfc58dff'),(4,'2021-03-16 16:08:23.264483','hola','bcec8294-2656-4670-a90f-bb3c8e27f8cd','bc5489cf-de0c-4062-9221-85fe97e28fee'),(4,'2021-03-15 16:19:12.684162','Que Grande Eres','c92a360d-ec64-4882-bf4b-126e2b6e6397','95c0601e-079a-4df0-9f79-cc23a7fa6c61');
/*!40000 ALTER TABLE `user_rating` ENABLE KEYS */;
UNLOCK TABLES;

--
-- Dumping data for table `user_verification`
--

LOCK TABLES `user_verification` WRITE;
/*!40000 ALTER TABLE `user_verification` DISABLE KEYS */;
INSERT INTO `user_verification` VALUES ('0d6c4294-1415-4ef8-bd48-f5f0341be8ab','576b374ede85efae306502d9024a717327a22f20bfd0df31fde1e2f15cb0db31','2021-03-13 12:39:40',NULL),('1e6ecc81-5c13-4f63-8e8e-d2dbdfc58dff','ce7de57c09b6428a24ede83758702d232a5c1b859bd7c471b34eb9b9d869f8e4','2021-03-13 12:41:30','2021-03-13 13:41:45.476000'),('30f1d186-25b0-4737-a682-9579def42e55','fe1f10d9086ca3a7e8c366b9c98d2c8ed8b78d4ceef14edeac7c13a4401fc472','2021-03-15 13:36:44',NULL),('35f8761f-51c9-48e2-9bdb-12f9eeadbf03','8ed0122b5bdba2ff8d5c1ce0e7ac6c169ad2354c3f14194d84198a3f8b967c53','2021-03-17 15:56:13','2021-03-17 16:57:07.107000'),('360fdf6e-b67e-4862-9edb-c973d4babf1c','be7cccf6540309f200e1d7bf8c402b2c0597980882da341836fda2c4929409a1','2021-03-17 18:21:19',NULL),('5eb622d2-f3eb-49c5-93e3-7627ff70ec2f','86429f6f7b794f5dbf70b5167a0f88030b522f1a0b11cb325648fbc3240a9243','2021-03-16 11:46:10','2021-03-16 12:48:03.597000'),('69e30970-993a-4cfb-a3a1-e97277caf65b','da746c4e29ffcd45f77e41b2f5fd93086ebf064b3026c6211ed529f2fd488776','2021-03-17 14:38:59','2021-03-17 14:40:23.739000'),('740b29a4-9fc9-4892-a015-329e3cd5cfcb','44e53b659ca340d19edb5fb0aadfb4d2d7b289d0038716825bc2aa55845db386','2021-03-13 12:18:13',NULL),('8694cee9-f28d-4218-90fa-d3178a41ff9b','3785e41ff29a0e0c226d0fa47ad084886a31b32e82e0dc17aa74a88844d8a1a0','2021-03-17 14:55:54',NULL),('8b49eab1-4eed-4786-aef4-016de9cdd931','b82435778115efbc1bf4e508a4a9cb58d159eae9ea61e53e8108f41ff85441d0','2021-03-13 12:36:32',NULL),('95c0601e-079a-4df0-9f79-cc23a7fa6c61','3edc2fbf131126e9d8ce8d922ca70ec27221612b3f8c2291c2eae77f73485839','2021-03-09 14:52:22','2021-03-09 15:59:07.496000'),('bc5489cf-de0c-4062-9221-85fe97e28fee','08fd615a5ba02866a968954b75ccfac2b683b3997895df20cec55b5f9739ce1f','2021-03-16 13:26:24','2021-03-16 14:26:36.972000'),('bcec8294-2656-4670-a90f-bb3c8e27f8cd','440256ab745413f8590168664329220a58105bfb488dbcb1fd89220a954b1ce9','2021-03-16 11:17:29','2021-03-16 12:37:07.914000'),('c0cd3417-197c-44ad-8b93-a9cb444f4670','9d5d20aeedc0f85417aa72204f62a43c9e8b535cceb59d3281e72593ce612df3','2021-03-17 18:23:41',NULL),('c2a7cc0e-7554-4045-9b37-3cc418f2d82e','87257b7dfbd3ab5d5b8d88693a94a374ebf4cffd34e8a60cc295dfccb4a5516c','2021-03-16 11:01:14','2021-03-16 12:13:54.301000'),('c92a360d-ec64-4882-bf4b-126e2b6e6397','73a1073436b8ff3b32f350ce57f358247100dfffd8b707fdf6212f71f322dbae','2021-03-15 15:27:53','2021-03-15 16:28:17.816000');
/*!40000 ALTER TABLE `user_verification` ENABLE KEYS */;
UNLOCK TABLES;

--
-- Dumping data for table `users`
--

LOCK TABLES `users` WRITE;
/*!40000 ALTER TABLE `users` DISABLE KEYS */;
INSERT INTO `users` VALUES ('0d6c4294-1415-4ef8-bd48-f5f0341be8ab',NULL,NULL,NULL,'$2a$15$0lPH8lj1UugiQ0sc1geHfeRPaPC7xQNvVXRCIi1TN5xAXwbCRdYQO','ana@yopmail.com',0,NULL,NULL,NULL,NULL),('1e6ecc81-5c13-4f63-8e8e-d2dbdfc58dff','Obama','49672827N','1998-03-28','$2a$15$UYX.flw.HHfGbtO2oHbZ4ezVvVMrgbfr5KrxBiZPw014o.nVfS656','obama@yopmail.com',1,'http://res.cloudinary.com/yourplace/image/upload/v1615909077/YourPlace_IMG/gjfergk5bka5unodpw4i.jpg',NULL,'Hola! ','648759735'),('30f1d186-25b0-4737-a682-9579def42e55','Martin Sieiro Gutiérrez','47436724Y','1995-08-16','$2a$15$0y37ge5xY04B9pr4fTri8uR9JI95q4nEm8el0D68BS7b6pujRuFCS','sieirogutierrezmartin@gmail.com',0,'http://res.cloudinary.com/yourplace/image/upload/v1615815637/YourPlace_IMG/sksht9zyjfrrrkqloemr.jpg',NULL,'Web Developer and Lessor','662487961'),('35f8761f-51c9-48e2-9bdb-12f9eeadbf03','Steve Jobs','49675826N','1998-05-22','$2a$15$gXgaGwdoKpW0YTD05V/Cbu14/fL1.fo7Mw81bXMeaokxWXzcR86sG','steve@yopmail.com',1,'http://res.cloudinary.com/yourplace/image/upload/v1615997447/YourPlace_IMG/vl9kpclpovtddvldqlyf.jpg','http://res.cloudinary.com/yourplace/image/upload/v1615997447/YourPlace_IMG/rr81ional3rpfic8jgua.jpg','Hola Gente','648759635'),('360fdf6e-b67e-4862-9edb-c973d4babf1c',NULL,NULL,NULL,'$2a$15$W/v3zu555ON/S3VmdZgTKuy.3lvOIT.wqsj3cy1J.FZzn2EMcmASy','pepe@yopmail.com',0,NULL,NULL,NULL,NULL),('5eb622d2-f3eb-49c5-93e3-7627ff70ec2f','Maria','49675826P','1999-03-27','$2a$15$dD62sDTW5aHIR593SGe9/eqQHLE5Kdi9w0zvTlqRGskHDY7pMkGY.','Maria@yopmail.com',1,'http://res.cloudinary.com/yourplace/image/upload/v1615895401/YourPlace_IMG/zewm4rklbnmphsid0xqb.jpg','http://res.cloudinary.com/yourplace/image/upload/v1615895402/YourPlace_IMG/r5mg2xytsj5hqiwzeljb.jpg','Hola , Soy nueva por aqui! ','648695123'),('69e30970-993a-4cfb-a3a1-e97277caf65b',NULL,NULL,NULL,'$2a$15$OtBn6CBl43QBtdWapPHq5.nlhK8yf.R.8otno0HzvDof1Hyipw7kq','isabelgutierreznogueira@hotmail.com',1,NULL,NULL,NULL,NULL),('740b29a4-9fc9-4892-a015-329e3cd5cfcb','Hamel','49675826N','1998-03-15','$2a$15$zzNI/hVmibfr9.n02ls7sOWMdoUkMh0QPX7Yvg3FFbdcMarbD0svC','hamel@yopmail.com',0,'http://res.cloudinary.com/yourplace/image/upload/v1615638173/YourPlace_IMG/vzhhv8yzeg0xbdxj0ioq.jpg','http://res.cloudinary.com/yourplace/image/upload/v1615638173/YourPlace_IMG/dnnbijajxeiev2cem6yt.jpg','Hoy hace un dia estupendo','643523452'),('8694cee9-f28d-4218-90fa-d3178a41ff9b',NULL,NULL,NULL,'$2a$15$J5OZ5Nkc5GAkmaO.fZzNxug2rjTPdW.TLfd50hAVU2lMIn1dBjn96','ginucho@gmail.com',0,NULL,NULL,NULL,NULL),('8b49eab1-4eed-4786-aef4-016de9cdd931',NULL,NULL,NULL,'$2a$15$W7Th/UxGrP2x904fhCyO2.GSCT/vfrkmBp7O5eP7idJDItKLQiNe2','sara@yopmail.com',0,NULL,NULL,NULL,NULL),('95c0601e-079a-4df0-9f79-cc23a7fa6c61','Hamilton ','49674412P','1998-05-28','$2a$15$.u9/6b8FwtKmK1YSDcLSZu8yqro0QTf7nGjHtNOxgD6YyuPlqd2fq','hamelshmc@gmail.com',1,'http://res.cloudinary.com/yourplace/image/upload/v1615757085/YourPlace_IMG/gke29alkfcu866g8uh71.jpg','http://res.cloudinary.com/yourplace/image/upload/v1615755851/YourPlace_IMG/rnkbnmkyytd7hinwhdb9.jpg','Hola, Me encanta desarrollar esta APP , I Love ?','612312321'),('bc5489cf-de0c-4062-9221-85fe97e28fee','Ana Maria La Justicia','34523452L','1992-03-20','$2a$15$lan2/sS1n9e9yBosALXNzOAcYdWCirgH8W.xgmu2U1FCrIPdUAd2O','chicaguay@yopmail.com',1,'http://res.cloudinary.com/yourplace/image/upload/v1615902438/YourPlace_IMG/jm7cu1kdzkigqyegm7kg.png',NULL,'Hey! Alquila mi kel que está to guapo','666202020'),('bcec8294-2656-4670-a90f-bb3c8e27f8cd','ana gonzalez','49675826N','1998-11-18','$2a$15$3Ob1z4lXOJ7UL/BZFWdMzOszy0oWYkrCQ5MuR5TzifABOVnLB6gru','ana98@yopmail.com',1,'http://res.cloudinary.com/yourplace/image/upload/v1616005531/YourPlace_IMG/bkximhetzoropaehrnsl.jpg','http://res.cloudinary.com/yourplace/image/upload/v1616005530/YourPlace_IMG/a7ymcaij6epvp7hu8o7c.jpg','Hola','660606212'),('c0cd3417-197c-44ad-8b93-a9cb444f4670',NULL,NULL,NULL,'$2a$15$dVwP5mg4Bm1umzUfGqCU5.aRW4ulR7j3.bUyOTzy9Yugc7s4rXq5a','asavadsvadsva@yopmail.com',0,NULL,NULL,NULL,NULL),('c2a7cc0e-7554-4045-9b37-3cc418f2d82e',NULL,NULL,NULL,'$2a$15$NXkONVw417W5rT36GwLNxuC.SV5g4z7c6oxnC3qazhDwVIzedBeie','ana89@yopmail.com',1,NULL,NULL,NULL,NULL),('c92a360d-ec64-4882-bf4b-126e2b6e6397',NULL,NULL,NULL,'$2a$15$62ZSAGqjb20ZheRFnR4h8eJDWNmIfJ.Goxggux4bcyM/h75KN0ZIC','hamel89@yopmail.com',1,NULL,NULL,NULL,NULL);
/*!40000 ALTER TABLE `users` ENABLE KEYS */;
UNLOCK TABLES;

--
-- Dumping data for table `visit`
--

LOCK TABLES `visit` WRITE;
/*!40000 ALTER TABLE `visit` DISABLE KEYS */;
INSERT INTO `visit` VALUES ('2d93d838-9289-4e15-affc-81ff69d1ce61','2021-03-19','21:28:00',0,'083ab7b4-386a-4a19-b422-1becf9c54c10','bcec8294-2656-4670-a90f-bb3c8e27f8cd'),('725d9494-2d55-49de-94e0-4c2fd299389a','2021-07-25','20:16:00',0,'735d2dd2-2e25-4c9a-b232-c2abbaf89a74','1e6ecc81-5c13-4f63-8e8e-d2dbdfc58dff'),('e3e2650e-7078-40a3-adb9-e0889ecb9a2c','2021-03-18','16:57:00',1,'6221f9a7-5682-4cbd-a644-9f05bed5cf94','bcec8294-2656-4670-a90f-bb3c8e27f8cd');
/*!40000 ALTER TABLE `visit` ENABLE KEYS */;
UNLOCK TABLES;
SET @@SESSION.SQL_LOG_BIN = @MYSQLDUMP_TEMP_LOG_BIN;
/*!40103 SET TIME_ZONE=@OLD_TIME_ZONE */;

/*!40101 SET SQL_MODE=@OLD_SQL_MODE */;
/*!40014 SET FOREIGN_KEY_CHECKS=@OLD_FOREIGN_KEY_CHECKS */;
/*!40014 SET UNIQUE_CHECKS=@OLD_UNIQUE_CHECKS */;
/*!40101 SET CHARACTER_SET_CLIENT=@OLD_CHARACTER_SET_CLIENT */;
/*!40101 SET CHARACTER_SET_RESULTS=@OLD_CHARACTER_SET_RESULTS */;
/*!40101 SET COLLATION_CONNECTION=@OLD_COLLATION_CONNECTION */;
/*!40111 SET SQL_NOTES=@OLD_SQL_NOTES */;

-- Dump completed on 2021-03-17 20:37:04
